haproxy-cfg-frontent-name;region-instance;frontend-name;ip-address;ip-scope;ip-name;listener-name;request-type;listener-protocol;listener-port;certificate-name;agw-managed-identity;key-vault;certificate;ssl-profile;listener-type;host-type;implement;domain;hostnames;url-path;url-parameters;routing-rule-name;redir;backend-name;backend-server-name;backend-port;backend-fqdn-or-ip;backend-protocol;backend-comments;bad-gateway-502-page;forbidden-403-page;internal-server-error-500-page;service-unavailable-503-page;gateway timeout-504-page;bad-request-400-page;method-not-allowed-405-page;request-timeout-408-page;Notes
FRONTEND_VIP_4.180.112.137;beta;Beta-Staging-QA-Public-IP-Frontend;4.180.112.137;Public;betaGwPublicFrontendIpIPv4;Listener-FE-443-beta-hosts1-360imprimir.com.br-BE-80-vmss;forward;https;443;wild--beta-360imprimir-com-br;;lab-bizay-kv-02;wild--beta-360imprimir-com-br;;Multiple/Wildcard;Multi site;Y;360imprimir.com.br;beta.360imprimir.com.br;/payment/multipaymentsystemcallback;;;;BACKEND.360imprimir-beta.BR;STORE-BETA-VMSS;80;10.7.10.14;http;;;;;;;;;;
FRONTEND_VIP_4.180.112.137;beta;Beta-Staging-QA-Public-IP-Frontend;4.180.112.137;Public;betaGwPublicFrontendIpIPv4;Listener-FE-443-beta-hosts1-360imprimir.com.br-BE-80-vmss;forward;https;443;wild--beta-360imprimir-com-br;;lab-bizay-kv-02;wild--beta-360imprimir-com-br;;Multiple/Wildcard;Multi site;Y;360imprimir.com.br;beta.mailer.360imprimir.com.br;;;;;BACKEND.360imprimir-beta.BR;STORE-BETA-VMSS;80;10.7.10.14;http;;;;;;;;;;
FRONTEND_VIP_4.180.112.137;beta;Beta-Staging-QA-Public-IP-Frontend;4.180.112.137;Public;betaGwPublicFrontendIpIPv4;Listener-FE-9590-beta-wild-360imprimir.dev-BE-9590-dck;forward;https;9590;wild--beta-360imprimir-dev;;lab-bizay-kv-02;wild--beta-360imprimir-dev;;Multiple/Wildcard;Multi site;Y;360imprimir.dev;studioeventsourcing.beta.360imprimir.dev;;;;;BACKEND.studio360eventsourcing;BE-BETA-DCK1 BE-BETA-DCK2;9590;10.7.10.31 10.7.10.32;http;;;;;;;;;;
FRONTEND_VIP_4.180.112.137;beta;Beta-Staging-QA-Public-IP-Frontend;4.180.112.137;Public;betaGwPublicFrontendIpIPv4;Listener-FE-9590-beta-wild-360imprimir.com-BE-9590-dck;forward;https;9590;wild--beta-360imprimir-com;;lab-bizay-kv-02;wild--beta-360imprimir-com;;Multiple/Wildcard;Multi site;Y;360imprimir.com;studioeventsourcing.beta.360imprimir.com;;;;;BACKEND.studio360eventsourcing;BE-BETA-DCK1 BE-BETA-DCK2;9590;10.7.10.31 10.7.10.32;http;;;;;;;;;;
FRONTEND_VIP_4.180.112.137;beta;Beta-Staging-QA-Public-IP-Frontend;4.180.112.137;Public;betaGwPublicFrontendIpIPv4;Listener-FE-9090-beta-wild-360imprimir.dev-BE-9090-dck;forward;https;9090;wild--beta-360imprimir-dev;;lab-bizay-kv-02;wild--beta-360imprimir-dev;;Multiple/Wildcard;Multi site;Y;360imprimir.dev;studiocoreapi.beta.360imprimir.dev;;;;;BACKEND.studio360coreapi;BE-BETA-DCK1 BE-BETA-DCK2;9090;10.7.10.31 10.7.10.32;http;;;;;;;;;;
FRONTEND_VIP_4.180.112.137;beta;Beta-Staging-QA-Public-IP-Frontend;4.180.112.137;Public;betaGwPublicFrontendIpIPv4;Listener-FE-9090-beta-wild-360imprimir.com-BE-9090-dck;forward;https;9090;wild--beta-360imprimir-com;;lab-bizay-kv-02;wild--beta-360imprimir-com;;Multiple/Wildcard;Multi site;Y;360imprimir.com;studiocoreapi.beta.360imprimir.com;;;;;BACKEND.studio360coreapi;BE-BETA-DCK1 BE-BETA-DCK2;9090;10.7.10.31 10.7.10.32;http;;;;;;;;;;
FRONTEND_VIP_4.180.112.137;beta;Beta-Staging-QA-Public-IP-Frontend;4.180.112.137;Public;betaGwPublicFrontendIpIPv4;Listener-FE-9190-beta-wild-360imprimir.dev-BE-9190-dck;forward;https;9190;wild--beta-360imprimir-dev;;lab-bizay-kv-02;wild--beta-360imprimir-dev;;Multiple/Wildcard;Multi site;Y;360imprimir.dev;studiotemplateapi.beta.360imprimir.dev;;;;;BACKEND.studio360templateapi;BE-BETA-DCK1 BE-BETA-DCK2;9190;10.7.10.31 10.7.10.32;http;;;;;;;;;;
FRONTEND_VIP_4.180.112.137;beta;Beta-Staging-QA-Public-IP-Frontend;4.180.112.137;Public;betaGwPublicFrontendIpIPv4;Listener-FE-9190-beta-wild-360imprimir.com-BE-9190-dck;forward;https;9190;wild--beta-360imprimir-com;;lab-bizay-kv-02;wild--beta-360imprimir-com;;Multiple/Wildcard;Multi site;Y;360imprimir.com;studiotemplateapi.beta.360imprimir.com;;;;;BACKEND.studio360templateapi;BE-BETA-DCK1 BE-BETA-DCK2;9190;10.7.10.31 10.7.10.32;http;;;;;;;;;;
FRONTEND_VIP_4.180.112.137;beta;Beta-Staging-QA-Public-IP-Frontend;4.180.112.137;Public;betaGwPublicFrontendIpIPv4;Listener-FE-9290-beta-wild-360imprimir.dev-BE-9290-dck;forward;https;9290;wild--beta-360imprimir-dev;;lab-bizay-kv-02;wild--beta-360imprimir-dev;;Multiple/Wildcard;Multi site;Y;360imprimir.dev;userimagesservicept.beta.360imprimir.dev;;;;;BACKEND.userimagesservice_pt;BE-BETA-DCK1 BE-BETA-DCK2;9290;10.7.10.31 10.7.10.32;http;;;;;;;;;;
FRONTEND_VIP_4.180.112.137;beta;Beta-Staging-QA-Public-IP-Frontend;4.180.112.137;Public;betaGwPublicFrontendIpIPv4;Listener-FE-9290-beta-wild-360imprimir.pt-BE-9290-dck;forward;https;9290;wild--beta-360imprimir-pt;;lab-bizay-kv-02;wild--beta-360imprimir-pt;;Multiple/Wildcard;Multi site;Y;360imprimir.pt;userimagesservice.beta.360imprimir.pt;;;;;BACKEND.userimagesservice_pt;BE-BETA-DCK1 BE-BETA-DCK2;9290;10.7.10.31 10.7.10.32;http;;;;;;;;;;
FRONTEND_VIP_4.180.112.137;beta;Beta-Staging-QA-Public-IP-Frontend;4.180.112.137;Public;betaGwPublicFrontendIpIPv4;Listener-FE-9291-beta-wild-360imprimir.dev-BE-9291-dck;forward;https;9291;wild--beta-360imprimir-dev;;lab-bizay-kv-02;wild--beta-360imprimir-dev;;Multiple/Wildcard;Multi site;Y;360imprimir.dev;userimagesservicebr.beta.360imprimir.dev;;;;;BACKEND.userimagesservice_br;BE-BETA-DCK1 BE-BETA-DCK2;9291;10.7.10.31 10.7.10.32;http;;;;;;;;;;
FRONTEND_VIP_4.180.112.137;beta;Beta-Staging-QA-Public-IP-Frontend;4.180.112.137;Public;betaGwPublicFrontendIpIPv4;Listener-FE-9291-beta-wild-360imprimir.com.br-BE-9291-dck;forward;https;9291;wild--beta-360imprimir-com-br;;lab-bizay-kv-02;wild--beta-360imprimir-com-br;;Multiple/Wildcard;Multi site;Y;360imprimir.com.br;userimagesservice.beta.360imprimir.com.br;;;;;BACKEND.userimagesservice_br;BE-BETA-DCK1 BE-BETA-DCK2;9291;10.7.10.31 10.7.10.32;http;;;;;;;;;;
FRONTEND_VIP_4.180.112.137;beta;Beta-Staging-QA-Public-IP-Frontend;4.180.112.137;Public;betaGwPublicFrontendIpIPv4;Listener-FE-9292-beta-wild-360imprimir.dev-BE-9292-dck;forward;https;9292;wild--beta-360imprimir-dev;;lab-bizay-kv-02;wild--beta-360imprimir-dev;;Multiple/Wildcard;Multi site;Y;360imprimir.dev;userimagesservicemx.beta.360imprimir.dev;;;;;BACKEND.userimagesservice_mx;BE-BETA-DCK1 BE-BETA-DCK2;9292;10.7.10.31 10.7.10.32;http;;;;;;;;;;
FRONTEND_VIP_4.180.112.137;beta;Beta-Staging-QA-Public-IP-Frontend;4.180.112.137;Public;betaGwPublicFrontendIpIPv4;Listener-FE-9292-beta-wild-360imprimir.com.mx-BE-9292-dck;forward;https;9292;wild--beta-360imprimir-com-mx;;lab-bizay-kv-02;wild--beta-360imprimir-com-mx;;Multiple/Wildcard;Multi site;Y;360imprimir.com.mx;userimagesservice.beta.360imprimir.com.mx;;;;;BACKEND.userimagesservice_mx;BE-BETA-DCK1 BE-BETA-DCK2;9292;10.7.10.31 10.7.10.32;http;;;;;;;;;;
FRONTEND_VIP_4.180.112.137;beta;Beta-Staging-QA-Public-IP-Frontend;4.180.112.137;Public;betaGwPublicFrontendIpIPv4;Listener-FE-9490-beta-wild-360imprimir.com-BE-9490-dck;forward;https;9490;wild--beta-360imprimir-com;;lab-bizay-kv-02;wild--beta-360imprimir-com;;Multiple/Wildcard;Multi site;Y;360imprimir.com;studiotemplategenerator.beta.360imprimir.com;;;;;BACKEND.studio360templategenerator;BE-BETA-DCK1 BE-BETA-DCK2;9490;10.7.10.31 10.7.10.32;http;;;;;;;;;;
FRONTEND_VIP_4.180.112.137;beta;Beta-Staging-QA-Public-IP-Frontend;4.180.112.137;Public;betaGwPublicFrontendIpIPv4;Listener-FE-9490-beta-wild-360imprimir.dev-BE-9490-dck;forward;https;9490;wild--beta-360imprimir-dev;;lab-bizay-kv-02;wild--beta-360imprimir-dev;;Multiple/Wildcard;Multi site;Y;360imprimir.dev;studiotemplategenerator.beta.360imprimir.dev;;;;;BACKEND.studio360templategenerator;BE-BETA-DCK1 BE-BETA-DCK2;9490;10.7.10.31 10.7.10.32;http;;;;;;;;;;
FRONTEND_VIP_4.180.112.137;beta;Beta-Staging-QA-Public-IP-Frontend;4.180.112.137;Public;betaGwPublicFrontendIpIPv4;Listener-FE-9192-beta-wild-360imprimir.pt-BE-9192-dck;forward;https;9192;wild--beta-360imprimir-pt;;lab-bizay-kv-02;wild--beta-360imprimir-pt;;Multiple/Wildcard;Multi site;Y;360imprimir.pt;studioclient.beta.360imprimir.pt;;;;;BACKEND.studioclient_pt;BE-BETA-DCK1 BE-BETA-DCK2;9192;10.7.10.31 10.7.10.32;http;;;;;;;;;;
FRONTEND_VIP_4.180.112.137;beta;Beta-Staging-QA-Public-IP-Frontend;4.180.112.137;Public;betaGwPublicFrontendIpIPv4;Listener-FE-9193-beta-wild-360imprimir.com.br-BE-9193-dck;forward;https;9193;wild--beta-360imprimir-com-br;;lab-bizay-kv-02;wild--beta-360imprimir-com-br;;Multiple/Wildcard;Multi site;Y;360imprimir.com.br;studioclient.beta.360imprimir.com.br;;;;;BACKEND.studioclient_br;BE-BETA-DCK1 BE-BETA-DCK2;9193;10.7.10.31 10.7.10.32;http;;;;;;;;;;
FRONTEND_VIP_4.180.112.137;beta;Beta-Staging-QA-Public-IP-Frontend;4.180.112.137;Public;betaGwPublicFrontendIpIPv4;Listener-FE-9194-beta-wild-360imprimir.com.mx-BE-9194-dck;forward;https;9194;wild--beta-360imprimir-com-mx;;lab-bizay-kv-02;wild--beta-360imprimir-com-mx;;Multiple/Wildcard;Multi site;Y;360imprimir.com.mx;studioclient.beta.360imprimir.com.mx;;;;;BACKEND.studioclient_mx;BE-BETA-DCK1 BE-BETA-DCK2;9194;10.7.10.31 10.7.10.32;http;;;;;;;;;;
FRONTEND_VIP_4.180.112.137;beta;Beta-Staging-QA-Public-IP-Frontend;4.180.112.137;Public;betaGwPublicFrontendIpIPv4;Listener-FE-9192-beta-wild-360imprimir.dev-BE-9192-dck;forward;https;9192;wild--beta-360imprimir-dev;;lab-bizay-kv-02;wild--beta-360imprimir-dev;;Multiple/Wildcard;Multi site;Y;360imprimir.dev;studioclientpt.beta.360imprimir.dev;;;;;BACKEND.studioclient_pt;BE-BETA-DCK1 BE-BETA-DCK2;9192;10.7.10.31 10.7.10.32;http;;;;;;;;;;
FRONTEND_VIP_4.180.112.137;beta;Beta-Staging-QA-Public-IP-Frontend;4.180.112.137;Public;betaGwPublicFrontendIpIPv4;Listener-FE-9193-beta-wild-360imprimir.dev-BE-9193-dck;forward;https;9193;wild--beta-360imprimir-dev;;lab-bizay-kv-02;wild--beta-360imprimir-dev;;Multiple/Wildcard;Multi site;Y;360imprimir.dev;studioclientbr.beta.360imprimir.dev;;;;;BACKEND.studioclient_br;BE-BETA-DCK1 BE-BETA-DCK2;9193;10.7.10.31 10.7.10.32;http;;;;;;;;;;
FRONTEND_VIP_4.180.112.137;beta;Beta-Staging-QA-Public-IP-Frontend;4.180.112.137;Public;betaGwPublicFrontendIpIPv4;Listener-FE-9194-beta-wild-360imprimir.dev-BE-9194-dck;forward;https;9194;wild--beta-360imprimir-dev;;lab-bizay-kv-02;wild--beta-360imprimir-dev;;Multiple/Wildcard;Multi site;Y;360imprimir.dev;studioclientmx.beta.360imprimir.dev;;;;;BACKEND.studioclient_mx;BE-BETA-DCK1 BE-BETA-DCK2;9194;10.7.10.31 10.7.10.32;http;;;;;;;;;;
FRONTEND_VIP_4.180.112.137;beta;Beta-Staging-QA-Public-IP-Frontend;4.180.112.137;Public;betaGwPublicFrontendIpIPv4;Listener-FE-443-beta-hosts1-360imprimir.com.br-BE-80-vmss;forward;https;443;wild--beta-360imprimir-com-br;;lab-bizay-kv-02;wild--beta-360imprimir-com-br;;Multiple/Wildcard;Multi site;Y;360imprimir.com.br;beta.api.360imprimir.com.br;;;;;BACKEND.api.360imprimir-beta.BR;STORE-BETA-VMSS;80;10.7.10.14;http;;;;;;;;;;
FRONTEND_VIP_4.180.112.137;beta;Beta-Staging-QA-Public-IP-Frontend;4.180.112.137;Public;betaGwPublicFrontendIpIPv4;Listener-FE-443-beta-hosts1-360imprimir.com.br-BE-80-vmss;forward;https;443;wild--beta-360imprimir-com-br;;lab-bizay-kv-02;wild--beta-360imprimir-com-br;;Multiple/Wildcard;Multi site;Y;360imprimir.com.br;beta.360imprimir.com.br;;;;;BACKEND.360imprimir-beta.BR;STORE-BETA-VMSS;80;10.7.10.14;http;;;;;;;;;;
FRONTEND_VIP_4.180.112.137;beta;Beta-Staging-QA-Public-IP-Frontend;4.180.112.137;Public;betaGwPublicFrontendIpIPv4;Listener-FE-443-beta-hosts1-360imprimir.com.mx-BE-80-vmss;forward;https;443;wild--beta-360imprimir-com-mx;;lab-bizay-kv-02;wild--beta-360imprimir-com-mx;;Multiple/Wildcard;Multi site;Y;360imprimir.com.mx;beta.mailer.360imprimir.com.mx;;;;;BACKEND.360imprimir-beta.MX;STORE-BETA-VMSS;80;10.7.10.14;http;;;;;;;;;;
FRONTEND_VIP_4.180.112.137;beta;Beta-Staging-QA-Public-IP-Frontend;4.180.112.137;Public;betaGwPublicFrontendIpIPv4;Listener-FE-443-beta-hosts1-360imprimir.com.mx-BE-80-vmss;forward;https;443;wild--beta-360imprimir-com-mx;;lab-bizay-kv-02;wild--beta-360imprimir-com-mx;;Multiple/Wildcard;Multi site;Y;360imprimir.com.mx;beta.api.360imprimir.com.mx;;;;;BACKEND.api.360imprimir-beta.MX;STORE-BETA-VMSS;80;10.7.10.14;http;;;;;;;;;;
FRONTEND_VIP_4.180.112.137;beta;Beta-Staging-QA-Public-IP-Frontend;4.180.112.137;Public;betaGwPublicFrontendIpIPv4;Listener-FE-443-beta-hosts1-360imprimir.com.mx-BE-80-vmss;forward;https;443;wild--beta-360imprimir-com-mx;;lab-bizay-kv-02;wild--beta-360imprimir-com-mx;;Multiple/Wildcard;Multi site;Y;360imprimir.com.mx;beta.360imprimir.com.mx;;;;;BACKEND.360imprimir-beta.MX;STORE-BETA-VMSS;80;10.7.10.14;http;;;;;;;;;;
FRONTEND_VIP_4.180.112.137;beta;Beta-Staging-QA-Public-IP-Frontend;4.180.112.137;Public;betaGwPublicFrontendIpIPv4;Listener-FE-443-beta-hosts1-360imprimir.com-BE-80-vm;forward;https;443;wild--beta-360imprimir-com;;lab-bizay-kv-02;wild--beta-360imprimir-com;;Multiple/Wildcard;Multi site;Y;360imprimir.com;beta2masterapi.360imprimir.com;;;;;BACKEND.masterapi-360imprimir-beta;BE-BETA-VM01 BE-BETA-VM02;80;10.7.10.21 10.7.10.22;http;;;;;;;;;;
FRONTEND_VIP_4.180.112.137;beta;Beta-Staging-QA-Public-IP-Frontend;4.180.112.137;Public;betaGwPublicFrontendIpIPv4;Listener-FE-443-beta-hosts1-360imprimir.com-BE-80-vm;forward;https;443;wild--beta-360imprimir-com;;lab-bizay-kv-02;wild--beta-360imprimir-com;;Multiple/Wildcard;Multi site;Y;360imprimir.com;beta.api.master.360imprimir.com;;;;;BACKEND.masterapi-360imprimir-beta;BE-BETA-VM01 BE-BETA-VM02;80;10.7.10.21 10.7.10.22;http;;;;;;;;;;
FRONTEND_VIP_4.180.112.137;beta;Beta-Staging-QA-Public-IP-Frontend;4.180.112.137;Public;betaGwPublicFrontendIpIPv4;Listener-FE-443-beta-hosts1-360imprimir.com-BE-80-vm;forward;https;443;wild--beta-360imprimir-com;;lab-bizay-kv-02;wild--beta-360imprimir-com;;Multiple/Wildcard;Multi site;Y;360imprimir.com;beta.master.360imprimir.com;;;;;BACKEND.master-360imprimir-beta;BE-BETA-VM01 BE-BETA-VM02;80;10.7.10.21 10.7.10.22;http;;;;;;;;;;
FRONTEND_VIP_4.180.112.137;beta;Beta-Staging-QA-Public-IP-Frontend;4.180.112.137;Public;betaGwPublicFrontendIpIPv4;Listener-FE-443-beta-hosts1-360imprimir.com-BE-80-vm;forward;https;443;wild--beta-360imprimir-com;;lab-bizay-kv-02;wild--beta-360imprimir-com;;Multiple/Wildcard;Multi site;Y;360imprimir.com;beta.auth.360imprimir.com;;;;;BACKEND.auth-360imprimir-beta;BE-BETA-VM01 BE-BETA-VM02;80;10.7.10.21 10.7.10.22;http;;;;;;;;;;
FRONTEND_VIP_4.180.112.137;beta;Beta-Staging-QA-Public-IP-Frontend;4.180.112.137;Public;betaGwPublicFrontendIpIPv4;Listener-FE-443-beta-hosts1-360imprimir.com-BE-80-vm;forward;https;443;wild--beta-360imprimir-com;;lab-bizay-kv-02;wild--beta-360imprimir-com;;Multiple/Wildcard;Multi site;Y;360imprimir.com;beta.api.auth.360imprimir.com;;;;;BACKEND.authapi-360imprimir-beta;BE-BETA-VM01 BE-BETA-VM02;80;10.7.10.21 10.7.10.22;http;;;;;;;;;;
FRONTEND_VIP_4.180.112.137;beta;Beta-Staging-QA-Public-IP-Frontend;4.180.112.137;Public;betaGwPublicFrontendIpIPv4;Listener-FE-443-beta-hosts1-360imprimir.pt-BE-80-vmss;forward;https;443;wild--beta-360imprimir-pt;;lab-bizay-kv-02;wild--beta-360imprimir-pt;;Multiple/Wildcard;Multi site;Y;360imprimir.pt;beta.360imprimir.pt;/payment/multipaymentsystemcallback;;;;BACKEND.360imprimir-beta.PT;STORE-BETA-VMSS;80;10.7.10.14;http;;;;;;;;;;
FRONTEND_VIP_4.180.112.137;beta;Beta-Staging-QA-Public-IP-Frontend;4.180.112.137;Public;betaGwPublicFrontendIpIPv4;Listener-FE-443-beta-hosts1-360imprimir.pt-BE-80-vmss;forward;https;443;wild--beta-360imprimir-pt;;lab-bizay-kv-02;wild--beta-360imprimir-pt;;Multiple/Wildcard;Multi site;Y;360imprimir.pt;beta.mailer.360imprimir.pt;;;;;BACKEND.360imprimir-beta.PT;STORE-BETA-VMSS;80;10.7.10.14;http;;;;;;;;;;
FRONTEND_VIP_4.180.112.137;beta;Beta-Staging-QA-Public-IP-Frontend;4.180.112.137;Public;betaGwPublicFrontendIpIPv4;Listener-FE-443-beta-hosts1-360imprimir.pt-BE-80-vmss;forward;https;443;wild--beta-360imprimir-pt;;lab-bizay-kv-02;wild--beta-360imprimir-pt;;Multiple/Wildcard;Multi site;Y;360imprimir.pt;beta.api.360imprimir.pt;;;;;BACKEND.api.360imprimir-beta.PT;STORE-BETA-VMSS;80;10.7.10.14;http;;;;;;;;;;
FRONTEND_VIP_4.180.112.137;beta;Beta-Staging-QA-Public-IP-Frontend;4.180.112.137;Public;betaGwPublicFrontendIpIPv4;Listener-FE-443-beta-hosts1-360imprimir.pt-BE-80-vmss;forward;https;443;wild--beta-360imprimir-pt;;lab-bizay-kv-02;wild--beta-360imprimir-pt;;Multiple/Wildcard;Multi site;Y;360imprimir.pt;beta.360imprimir.pt;;;;;BACKEND.360imprimir-beta.PT;STORE-BETA-VMSS;80;10.7.10.14;http;;;;;;;;;;
FRONTEND_VIP_4.180.112.137;beta;Beta-Staging-QA-Public-IP-Frontend;4.180.112.137;Public;betaGwPublicFrontendIpIPv4;Listener-FE-443-beta-hosts1-bizay.com-BE-80-vmss;forward;https;443;wild--beta-bizay-com;;lab-bizay-kv-02;wild--beta-bizay-com;;Multiple/Wildcard;Multi site;Y;bizay.com;beta.bizay.com;;;;;BACKEND.360imprimir-beta.PT;STORE-BETA-VMSS;80;10.7.10.14;http;;;;;;;;;;
FRONTEND_VIP_4.180.112.137;beta;Beta-Staging-QA-Public-IP-Frontend;4.180.112.137;Public;betaGwPublicFrontendIpIPv4;Listener-FE-443-beta-hosts1-bizay.com-BE-80-vmss;forward;https;443;wild--beta-bizay-com;;lab-bizay-kv-02;wild--beta-bizay-com;;Multiple/Wildcard;Multi site;Y;bizay.com;beta.us.bizay.com;;;;;BACKEND.360imprimir-beta.MX;STORE-BETA-VMSS;80;10.7.10.14;http;;;;;;;;;;
FRONTEND_VIP_4.180.112.137;beta;Beta-Staging-QA-Public-IP-Frontend;4.180.112.137;Public;betaGwPublicFrontendIpIPv4;Listener-FE-443-beta-hosts2-360imprimir.com.br-BE-80-vm;forward;https;443;wild--beta-360imprimir-com-br;;lab-bizay-kv-02;wild--beta-360imprimir-com-br;;Multiple/Wildcard;Multi site;Y;360imprimir.com.br;beta.imgprocessorwebapi.360imprimir.com.br;;;;;BACKEND.img-api-360imprimir-beta.BR;BE-BETA-VM01 BE-BETA-VM02;80;10.7.10.21 10.7.10.22;http;;;;;;;;;;
FRONTEND_VIP_4.180.112.137;beta;Beta-Staging-QA-Public-IP-Frontend;4.180.112.137;Public;betaGwPublicFrontendIpIPv4;Listener-FE-443-beta-hosts2-360imprimir.com.br-BE-80-vm;forward;https;443;wild--beta-360imprimir-com-br;;lab-bizay-kv-02;wild--beta-360imprimir-com-br;;Multiple/Wildcard;Multi site;Y;360imprimir.com.br;beta.imgprocessor.360imprimir.com.br;;;;;BACKEND.img-360imprimir-beta.BR;BE-BETA-VM01 BE-BETA-VM02;80;10.7.10.21 10.7.10.22;http;;;;;;;;;;
FRONTEND_VIP_4.180.112.137;beta;Beta-Staging-QA-Public-IP-Frontend;4.180.112.137;Public;betaGwPublicFrontendIpIPv4;Listener-FE-443-beta-hosts2-360imprimir.com.mx-BE-80-vm;forward;https;443;wild--beta-360imprimir-com-mx;;lab-bizay-kv-02;wild--beta-360imprimir-com-mx;;Multiple/Wildcard;Multi site;Y;360imprimir.com.mx;beta.imgprocessorwebapi.360imprimir.com.mx;;;;;BACKEND.img-api-360imprimir-beta.MX;BE-BETA-VM01 BE-BETA-VM02;80;10.7.10.21 10.7.10.22;http;;;;;;;;;;
FRONTEND_VIP_4.180.112.137;beta;Beta-Staging-QA-Public-IP-Frontend;4.180.112.137;Public;betaGwPublicFrontendIpIPv4;Listener-FE-443-beta-hosts2-360imprimir.com.mx-BE-80-vm;forward;https;443;wild--beta-360imprimir-com-mx;;lab-bizay-kv-02;wild--beta-360imprimir-com-mx;;Multiple/Wildcard;Multi site;Y;360imprimir.com.mx;beta.imgprocessor.360imprimir.com.mx;;;;;BACKEND.img-360imprimir-beta.MX;BE-BETA-VM01 BE-BETA-VM02;80;10.7.10.21 10.7.10.22;http;;;;;;;;;;
FRONTEND_VIP_4.180.112.137;beta;Beta-Staging-QA-Public-IP-Frontend;4.180.112.137;Public;betaGwPublicFrontendIpIPv4;Listener-FE-443-beta-hosts2-360imprimir.com-BE-80-vm;forward;https;443;wild--beta-360imprimir-com;;lab-bizay-kv-02;wild--beta-360imprimir-com;;Multiple/Wildcard;Multi site;Y;360imprimir.com;beta.studio.360imprimir.com;;;;;BACKEND.studio-360imprimir-beta;BE-BETA-VM01 BE-BETA-VM02;80;10.7.10.21 10.7.10.22;http;;;;;;;;;;
FRONTEND_VIP_4.180.112.137;beta;Beta-Staging-QA-Public-IP-Frontend;4.180.112.137;Public;betaGwPublicFrontendIpIPv4;Listener-FE-443-beta-hosts2-360imprimir.com-BE-80-vm;forward;https;443;wild--beta-360imprimir-com;;lab-bizay-kv-02;wild--beta-360imprimir-com;;Multiple/Wildcard;Multi site;Y;360imprimir.com;beta.api.studio.360imprimir.com;;;;;BACKEND.studioapi-360imprimir-beta;BE-BETA-VM01 BE-BETA-VM02;80;10.7.10.21 10.7.10.22;http;;;;;;;;;;
FRONTEND_VIP_4.180.112.137;beta;Beta-Staging-QA-Public-IP-Frontend;4.180.112.137;Public;betaGwPublicFrontendIpIPv4;Listener-FE-443-beta-hosts2-360imprimir.com-BE-80-vm;forward;https;443;wild--beta-360imprimir-com;;lab-bizay-kv-02;wild--beta-360imprimir-com;;Multiple/Wildcard;Multi site;Y;360imprimir.com;beta.geoip.360imprimir.com;;;;;BACKEND.geoip-360imprimir-beta;BE-BETA-VM01 BE-BETA-VM02;80;10.7.10.21 10.7.10.22;http;;;;;;;;;;
FRONTEND_VIP_4.180.112.137;beta;Beta-Staging-QA-Public-IP-Frontend;4.180.112.137;Public;betaGwPublicFrontendIpIPv4;Listener-FE-443-beta-hosts2-360imprimir.com-BE-80-vm;forward;https;443;wild--beta-360imprimir-com;;lab-bizay-kv-02;wild--beta-360imprimir-com;;Multiple/Wildcard;Multi site;Y;360imprimir.com;beta.imgprocessor.studio.360imprimir.com;;;;;BACKEND.img-studio-360imprimir-beta;BE-BETA-VM01 BE-BETA-VM02;80;10.7.10.21 10.7.10.22;http;;;;;;;;;;
FRONTEND_VIP_4.180.112.137;beta;Beta-Staging-QA-Public-IP-Frontend;4.180.112.137;Public;betaGwPublicFrontendIpIPv4;Listener-FE-443-beta-hosts2-360imprimir.pt-BE-80-vm;forward;https;443;wild--beta-360imprimir-com-pt;;lab-bizay-kv-02;wild--beta-360imprimir-com-pt;;Multiple/Wildcard;Multi site;Y;360imprimir.pt;beta.imgprocessorwebapi.360imprimir.pt;;;;;BACKEND.img-api-360imprimir-beta.PT;BE-BETA-VM01 BE-BETA-VM02;80;10.7.10.21 10.7.10.22;http;;;;;;;;;;"Estas regras nao são especificas de um domínio. Falta considerar o user agent com o valor ""Googlebot"". wv=true na querystring ou referrer e nao pode ter ""shopptop=1"" na querystring ou referrer"
FRONTEND_VIP_4.180.112.137;beta;Beta-Staging-QA-Public-IP-Frontend;4.180.112.137;Public;betaGwPublicFrontendIpIPv4;Listener-FE-443-beta-hosts2-360imprimir.pt-BE-80-vm;forward;https;443;wild--beta-360imprimir-com-pt;;lab-bizay-kv-02;wild--beta-360imprimir-com-pt;;Multiple/Wildcard;Multi site;Y;360imprimir.pt;beta.imgprocessor.360imprimir.pt;;;;;BACKEND.img-360imprimir-beta.PT;BE-BETA-VM01 BE-BETA-VM02;80;10.7.10.21 10.7.10.22;http;;;;;;;;;;
FRONTEND_VIP_4.180.112.137;beta;Beta-Staging-QA-Public-IP-Frontend;4.180.112.137;Public;betaGwPublicFrontendIpIPv4;Listener-FE-443-beta-wild-360imprimir.es-BE-80-vmss;forward;https;443;wild--360imprimir-es;;lab-bizay-kv-02;wild--360imprimir-es;;Multiple/Wildcard;Multi site;Y;360imprimir.es;beta.360imprimir.es;;;;;BACKEND.360imprimir-beta.PT;STORE-BETA-VMSS;80;10.7.10.14;http;;;;;;;;;;
FRONTEND_VIP_4.180.112.137;beta;Beta-Staging-QA-Public-IP-Frontend;4.180.112.137;Public;betaGwPublicFrontendIpIPv4;Listener-FE-443-beta-wild-360onlineprint.ca-BE-80-vmss;forward;https;443;wild--beta-360onlineprint-ca;;lab-bizay-kv-02;wild--beta-360onlineprint-ca;;Multiple/Wildcard;Multi site;Y;360onlineprint.ca;beta.360onlineprint.ca;;;;;BACKEND.360imprimir-beta.PT;STORE-BETA-VMSS;80;10.7.10.14;http;;;;;;;;;;
FRONTEND_VIP_4.180.112.137;beta;Beta-Staging-QA-Public-IP-Frontend;4.180.112.137;Public;betaGwPublicFrontendIpIPv4;Listener-FE-443-beta-wild-360onlineprint.com-BE-80-vmss;forward;https;443;wild--beta-360onlineprint-com;;lab-bizay-kv-02;wild--beta-360onlineprint-com;;Multiple/Wildcard;Multi site;Y;360onlineprint.com;beta.360onlineprint.com;;;;;BACKEND.360imprimir-beta.PT;STORE-BETA-VMSS;80;10.7.10.14;http;;;;;;;;;;
FRONTEND_VIP_4.180.112.137;beta;Beta-Staging-QA-Public-IP-Frontend;4.180.112.137;Public;betaGwPublicFrontendIpIPv4;Listener-FE-443-beta-wild-bizay.ae-BE-80-vmss;forward;https;443;wild--beta-bizay-ae;;lab-bizay-kv-02;wild--beta-bizay-ae;;Multiple/Wildcard;Multi site;Y;bizay.ae;beta.bizay.ae;;;;;BACKEND.360imprimir-beta.PT;STORE-BETA-VMSS;80;10.7.10.14;http;;;;;;;;;;
FRONTEND_VIP_4.180.112.137;beta;Beta-Staging-QA-Public-IP-Frontend;4.180.112.137;Public;betaGwPublicFrontendIpIPv4;Listener-FE-443-beta-wild-bizay.at-BE-80-vmss;forward;https;443;wild--beta-bizay-at;;lab-bizay-kv-02;wild--beta-bizay-at;;Multiple/Wildcard;Multi site;Y;bizay.at;beta.bizay.at;;;;;BACKEND.360imprimir-beta.PT;STORE-BETA-VMSS;80;10.7.10.14;http;;;;;;;;;;
FRONTEND_VIP_4.180.112.137;beta;Beta-Staging-QA-Public-IP-Frontend;4.180.112.137;Public;betaGwPublicFrontendIpIPv4;Listener-FE-443-beta-wild-bizay.au-BE-80-vmss;forward;https;443;wild--beta-bizay-au;;lab-bizay-kv-02;wild--beta-bizay-au;;Multiple/Wildcard;Multi site;Y;bizay.au;beta.bizay.au;;;;;BACKEND.360imprimir-beta.PT;STORE-BETA-VMSS;80;10.7.10.14;http;;;;;;;;;;
FRONTEND_VIP_4.180.112.137;beta;Beta-Staging-QA-Public-IP-Frontend;4.180.112.137;Public;betaGwPublicFrontendIpIPv4;Listener-FE-443-beta-wild-bizay.be-BE-80-vmss;forward;https;443;wild--beta-bizay-be;;lab-bizay-kv-02;wild--beta-bizay-be;;Multiple/Wildcard;Multi site;Y;bizay.be;beta.bizay.be;;;;;BACKEND.360imprimir-beta.PT;STORE-BETA-VMSS;80;10.7.10.14;http;;;;;;;;;;
FRONTEND_VIP_4.180.112.137;beta;Beta-Staging-QA-Public-IP-Frontend;4.180.112.137;Public;betaGwPublicFrontendIpIPv4;Listener-FE-443-beta-wild-bizay.bg-BE-80-vmss;forward;https;443;wild--beta-bizay-bg;;lab-bizay-kv-02;wild--beta-bizay-bg;;Multiple/Wildcard;Multi site;Y;bizay.bg;beta.bizay.bg;;;;;BACKEND.360imprimir-beta.PT;STORE-BETA-VMSS;80;10.7.10.14;http;;;;;;;;;;
FRONTEND_VIP_4.180.112.137;beta;Beta-Staging-QA-Public-IP-Frontend;4.180.112.137;Public;betaGwPublicFrontendIpIPv4;Listener-FE-443-beta-wild-bizay.ca-BE-80-vmss;forward;https;443;wild--beta-bizay-ca;;lab-bizay-kv-02;wild--beta-bizay-ca;;Multiple/Wildcard;Multi site;Y;bizay.ca;beta.bizay.ca;;;;;BACKEND.360imprimir-beta.PT;STORE-BETA-VMSS;80;10.7.10.14;http;;;;;;;;;;
FRONTEND_VIP_4.180.112.137;beta;Beta-Staging-QA-Public-IP-Frontend;4.180.112.137;Public;betaGwPublicFrontendIpIPv4;Listener-FE-443-beta-wild-bizay.ch-BE-80-vmss;forward;https;443;wild--beta-bizay-ch;;lab-bizay-kv-02;wild--beta-bizay-ch;;Multiple/Wildcard;Multi site;Y;bizay.ch;beta.bizay.ch;;;;;BACKEND.360imprimir-beta.PT;STORE-BETA-VMSS;80;10.7.10.14;http;;;;;;;;;;
FRONTEND_VIP_4.180.112.137;beta;Beta-Staging-QA-Public-IP-Frontend;4.180.112.137;Public;betaGwPublicFrontendIpIPv4;Listener-FE-443-beta-wild-bizay.cl-BE-80-vmss;forward;https;443;wild--beta-bizay-cl;;lab-bizay-kv-02;wild--beta-bizay-cl;;Multiple/Wildcard;Multi site;Y;bizay.cl;beta.bizay.cl;;;;;BACKEND.360imprimir-beta.PT;STORE-BETA-VMSS;80;10.7.10.14;http;;;;;;;;;;
FRONTEND_VIP_4.180.112.137;beta;Beta-Staging-QA-Public-IP-Frontend;4.180.112.137;Public;betaGwPublicFrontendIpIPv4;Listener-FE-443-beta-wild-bizay.co.il-BE-80-vmss;forward;https;443;wild--beta-bizay-co-il;;lab-bizay-kv-02;wild--beta-bizay-co-il;;Multiple/Wildcard;Multi site;Y;bizay.co.il;beta.bizay.co.il;;;;;BACKEND.360imprimir-beta.PT;STORE-BETA-VMSS;80;10.7.10.14;http;;;;;;;;;;
FRONTEND_VIP_4.180.112.137;beta;Beta-Staging-QA-Public-IP-Frontend;4.180.112.137;Public;betaGwPublicFrontendIpIPv4;Listener-FE-443-beta-wild-bizay.co.in-BE-80-vmss;forward;https;443;wild--beta-bizay-co-in;;lab-bizay-kv-02;wild--beta-bizay-co-in;;Multiple/Wildcard;Multi site;Y;bizay.co.in;beta.bizay.co.in;;;;;BACKEND.360imprimir-beta.PT;STORE-BETA-VMSS;80;10.7.10.14;http;;;;;;;;;;
FRONTEND_VIP_4.180.112.137;beta;Beta-Staging-QA-Public-IP-Frontend;4.180.112.137;Public;betaGwPublicFrontendIpIPv4;Listener-FE-443-beta-wild-bizay.co.kr-BE-80-vmss;forward;https;443;wild--beta-bizay-co-kr;;lab-bizay-kv-02;wild--beta-bizay-co-kr;;Multiple/Wildcard;Multi site;Y;bizay.co.kr;beta.bizay.co.kr;;;;;BACKEND.360imprimir-beta.PT;STORE-BETA-VMSS;80;10.7.10.14;http;;;;;;;;;;
FRONTEND_VIP_4.180.112.137;beta;Beta-Staging-QA-Public-IP-Frontend;4.180.112.137;Public;betaGwPublicFrontendIpIPv4;Listener-FE-443-beta-wild-bizay.co.ma-BE-80-vmss;forward;https;443;wild--beta-bizay-co-ma;;lab-bizay-kv-02;wild--beta-bizay-co-ma;;Multiple/Wildcard;Multi site;Y;bizay.co.ma;beta.bizay.co.ma;;;;;BACKEND.360imprimir-beta.PT;STORE-BETA-VMSS;80;10.7.10.14;http;;;;;;;;;;
FRONTEND_VIP_4.180.112.137;beta;Beta-Staging-QA-Public-IP-Frontend;4.180.112.137;Public;betaGwPublicFrontendIpIPv4;Listener-FE-443-beta-wild-bizay.co.nz-BE-80-vmss;forward;https;443;wild--beta-bizay-co-nz;;lab-bizay-kv-02;wild--beta-bizay-co-nz;;Multiple/Wildcard;Multi site;Y;bizay.co.nz;beta.bizay.co.nz;;;;;BACKEND.360imprimir-beta.PT;STORE-BETA-VMSS;80;10.7.10.14;http;;;;;;;;;;
FRONTEND_VIP_4.180.112.137;beta;Beta-Staging-QA-Public-IP-Frontend;4.180.112.137;Public;betaGwPublicFrontendIpIPv4;Listener-FE-443-beta-wild-bizay.co.uk-BE-80-vmss;forward;https;443;wild--beta-bizay-co-uk;;lab-bizay-kv-02;wild--beta-bizay-co-uk;;Multiple/Wildcard;Multi site;Y;bizay.co.uk;beta.bizay.co.uk;;;;;BACKEND.360imprimir-beta.PT;STORE-BETA-VMSS;80;10.7.10.14;http;;;;;;;;;;
FRONTEND_VIP_4.180.112.137;beta;Beta-Staging-QA-Public-IP-Frontend;4.180.112.137;Public;betaGwPublicFrontendIpIPv4;Listener-FE-443-beta-wild-bizay.co.za-BE-80-vmss;forward;https;443;wild--beta-bizay-co-za;;lab-bizay-kv-02;wild--beta-bizay-co-za;;Multiple/Wildcard;Multi site;Y;bizay.co.za;beta.bizay.co.za;;;;;BACKEND.360imprimir-beta.PT;STORE-BETA-VMSS;80;10.7.10.14;http;;;;;;;;;;
FRONTEND_VIP_4.180.112.137;beta;Beta-Staging-QA-Public-IP-Frontend;4.180.112.137;Public;betaGwPublicFrontendIpIPv4;Listener-FE-443-beta-wild-bizay.com.ar-BE-80-vmss;forward;https;443;wild--beta-bizay-com-ar;;lab-bizay-kv-02;wild--beta-bizay-com-ar;;Multiple/Wildcard;Multi site;Y;bizay.com.ar;beta.bizay.com.ar;;;;;BACKEND.360imprimir-beta.PT;STORE-BETA-VMSS;80;10.7.10.14;http;;;;;;;;;;
FRONTEND_VIP_4.180.112.137;beta;Beta-Staging-QA-Public-IP-Frontend;4.180.112.137;Public;betaGwPublicFrontendIpIPv4;Listener-FE-443-beta-wild-bizay.com.br-BE-80-vmss;forward;https;443;wild--beta-bizay-com-br;;lab-bizay-kv-02;wild--beta-bizay-com-br;;Multiple/Wildcard;Multi site;Y;bizay.com.br;beta.bizay.com.br;;;;;BACKEND.360imprimir-beta.PT;STORE-BETA-VMSS;80;10.7.10.14;http;;;;;;;;;;
FRONTEND_VIP_4.180.112.137;beta;Beta-Staging-QA-Public-IP-Frontend;4.180.112.137;Public;betaGwPublicFrontendIpIPv4;Listener-FE-443-beta-wild-bizay.com.cn-BE-80-vmss;forward;https;443;wild--beta-bizay-com-cn;;lab-bizay-kv-02;wild--beta-bizay-com-cn;;Multiple/Wildcard;Multi site;Y;bizay.com.cn;beta.bizay.com.cn;;;;;BACKEND.360imprimir-beta.PT;STORE-BETA-VMSS;80;10.7.10.14;http;;;;;;;;;;
FRONTEND_VIP_4.180.112.137;beta;Beta-Staging-QA-Public-IP-Frontend;4.180.112.137;Public;betaGwPublicFrontendIpIPv4;Listener-FE-443-beta-wild-bizay.com.hk-BE-80-vmss;forward;https;443;wild--beta-bizay-com-hk;;lab-bizay-kv-02;wild--beta-bizay-com-hk;;Multiple/Wildcard;Multi site;Y;bizay.com.hk;beta.bizay.com.hk;;;;;BACKEND.360imprimir-beta.PT;STORE-BETA-VMSS;80;10.7.10.14;http;;;;;;;;;;
FRONTEND_VIP_4.180.112.137;beta;Beta-Staging-QA-Public-IP-Frontend;4.180.112.137;Public;betaGwPublicFrontendIpIPv4;Listener-FE-443-beta-wild-bizay.com.mt-BE-80-vmss;forward;https;443;wild--beta-bizay-com-mt;;lab-bizay-kv-02;wild--beta-bizay-com-mt;;Multiple/Wildcard;Multi site;Y;bizay.com.mt;beta.bizay.com.mt;;;;;BACKEND.360imprimir-beta.PT;STORE-BETA-VMSS;80;10.7.10.14;http;;;;;;;;;;
FRONTEND_VIP_4.180.112.137;beta;Beta-Staging-QA-Public-IP-Frontend;4.180.112.137;Public;betaGwPublicFrontendIpIPv4;Listener-FE-443-beta-wild-bizay.com.mx-BE-80-vmss;forward;https;443;wild--beta-bizay-com-mx;;lab-bizay-kv-02;wild--beta-bizay-com-mx;;Multiple/Wildcard;Multi site;Y;bizay.com.mx;beta.bizay.com.mx;;;;;BACKEND.360imprimir-beta.MX;STORE-BETA-VMSS;80;10.7.10.14;http;;;;;;;;;;
FRONTEND_VIP_4.180.112.137;beta;Beta-Staging-QA-Public-IP-Frontend;4.180.112.137;Public;betaGwPublicFrontendIpIPv4;Listener-FE-443-beta-wild-bizay.com.my-BE-80-vmss;forward;https;443;wild--beta-bizay-com-my;;lab-bizay-kv-02;wild--beta-bizay-com-my;;Multiple/Wildcard;Multi site;Y;bizay.com.my;beta.bizay.com.my;;;;;BACKEND.360imprimir-beta.PT;STORE-BETA-VMSS;80;10.7.10.14;http;;;;;;;;;;
FRONTEND_VIP_4.180.112.137;beta;Beta-Staging-QA-Public-IP-Frontend;4.180.112.137;Public;betaGwPublicFrontendIpIPv4;Listener-FE-443-beta-wild-bizay.com.ph-BE-80-vmss;forward;https;443;wild--beta-bizay-com-ph;;lab-bizay-kv-02;wild--beta-bizay-com-ph;;Multiple/Wildcard;Multi site;Y;bizay.com.ph;beta.bizay.com.ph;;;;;BACKEND.360imprimir-beta.PT;STORE-BETA-VMSS;80;10.7.10.14;http;;;;;;;;;;
FRONTEND_VIP_4.180.112.137;beta;Beta-Staging-QA-Public-IP-Frontend;4.180.112.137;Public;betaGwPublicFrontendIpIPv4;Listener-FE-443-beta-wild-bizay.com.ro-BE-80-vmss;forward;https;443;wild--beta-bizay-com-ro;;lab-bizay-kv-02;wild--beta-bizay-com-ro;;Multiple/Wildcard;Multi site;Y;bizay.com.ro;beta.bizay.com.ro;;;;;BACKEND.360imprimir-beta.PT;STORE-BETA-VMSS;80;10.7.10.14;http;;;;;;;;;;
FRONTEND_VIP_4.180.112.137;beta;Beta-Staging-QA-Public-IP-Frontend;4.180.112.137;Public;betaGwPublicFrontendIpIPv4;Listener-FE-443-beta-wild-bizay.com.sg-BE-80-vmss;forward;https;443;wild--beta-bizay-com-sg;;lab-bizay-kv-02;wild--beta-bizay-com-sg;;Multiple/Wildcard;Multi site;Y;bizay.com.sg;beta.bizay.com.sg;;;;;BACKEND.360imprimir-beta.PT;STORE-BETA-VMSS;80;10.7.10.14;http;;;;;;;;;;
FRONTEND_VIP_4.180.112.137;beta;Beta-Staging-QA-Public-IP-Frontend;4.180.112.137;Public;betaGwPublicFrontendIpIPv4;Listener-FE-443-beta-wild-bizay.com.tr-BE-80-vmss;forward;https;443;wild--beta-bizay-com-tr;;lab-bizay-kv-02;wild--beta-bizay-com-tr;;Multiple/Wildcard;Multi site;Y;bizay.com.tr;beta.bizay.com.tr;;;;;BACKEND.360imprimir-beta.PT;STORE-BETA-VMSS;80;10.7.10.14;http;;;;;;;;;;
FRONTEND_VIP_4.180.112.137;beta;Beta-Staging-QA-Public-IP-Frontend;4.180.112.137;Public;betaGwPublicFrontendIpIPv4;Listener-FE-443-beta-wild-bizay.cz-BE-80-vmss;forward;https;443;wild--beta-bizay-cz;;lab-bizay-kv-02;wild--beta-bizay-cz;;Multiple/Wildcard;Multi site;Y;bizay.cz;beta.bizay.cz;;;;;BACKEND.360imprimir-beta.PT;STORE-BETA-VMSS;80;10.7.10.14;http;;;;;;;;;;
FRONTEND_VIP_4.180.112.137;beta;Beta-Staging-QA-Public-IP-Frontend;4.180.112.137;Public;betaGwPublicFrontendIpIPv4;Listener-FE-443-beta-wild-bizay.de-BE-80-vmss;forward;https;443;wild--beta-bizay-de;;lab-bizay-kv-02;wild--beta-bizay-de;;Multiple/Wildcard;Multi site;Y;bizay.de;beta.bizay.de;;;;;BACKEND.360imprimir-beta.PT;STORE-BETA-VMSS;80;10.7.10.14;http;;;;;;;;;;
FRONTEND_VIP_4.180.112.137;beta;Beta-Staging-QA-Public-IP-Frontend;4.180.112.137;Public;betaGwPublicFrontendIpIPv4;Listener-FE-443-beta-wild-bizay.dk-BE-80-vmss;forward;https;443;wild--beta-bizay-dk;;lab-bizay-kv-02;wild--beta-bizay-dk;;Multiple/Wildcard;Multi site;Y;bizay.dk;beta.bizay.dk;;;;;BACKEND.360imprimir-beta.PT;STORE-BETA-VMSS;80;10.7.10.14;http;;;;;;;;;;
FRONTEND_VIP_4.180.112.137;beta;Beta-Staging-QA-Public-IP-Frontend;4.180.112.137;Public;betaGwPublicFrontendIpIPv4;Listener-FE-443-beta-wild-bizay.ee-BE-80-vmss;forward;https;443;wild--beta-bizay-ee;;lab-bizay-kv-02;wild--beta-bizay-ee;;Multiple/Wildcard;Multi site;Y;bizay.ee;beta.bizay.ee;;;;;BACKEND.360imprimir-beta.PT;STORE-BETA-VMSS;80;10.7.10.14;http;;;;;;;;;;
FRONTEND_VIP_4.180.112.137;beta;Beta-Staging-QA-Public-IP-Frontend;4.180.112.137;Public;betaGwPublicFrontendIpIPv4;Listener-FE-443-beta-wild-bizay.es-BE-80-vmss;forward;https;443;wild--beta-bizay-es;;lab-bizay-kv-02;wild--beta-bizay-es;;Multiple/Wildcard;Multi site;Y;bizay.es;beta.bizay.es;;;;;BACKEND.360imprimir-beta.PT;STORE-BETA-VMSS;80;10.7.10.14;http;;;;;;;;;;
FRONTEND_VIP_4.180.112.137;beta;Beta-Staging-QA-Public-IP-Frontend;4.180.112.137;Public;betaGwPublicFrontendIpIPv4;Listener-FE-443-beta-wild-bizay.fi-BE-80-vmss;forward;https;443;wild--beta-bizay-fi;;lab-bizay-kv-02;wild--beta-bizay-fi;;Multiple/Wildcard;Multi site;Y;bizay.fi;beta.bizay.fi;;;;;BACKEND.360imprimir-beta.PT;STORE-BETA-VMSS;80;10.7.10.14;http;;;;;;;;;;
FRONTEND_VIP_4.180.112.137;beta;Beta-Staging-QA-Public-IP-Frontend;4.180.112.137;Public;betaGwPublicFrontendIpIPv4;Listener-FE-443-beta-wild-bizay.fr-BE-80-vmss;forward;https;443;wild--beta-bizay-fr;;lab-bizay-kv-02;wild--beta-bizay-fr;;Multiple/Wildcard;Multi site;Y;bizay.fr;beta.bizay.fr;;;;;BACKEND.360imprimir-beta.PT;STORE-BETA-VMSS;80;10.7.10.14;http;;;;;;;;;;
FRONTEND_VIP_4.180.112.137;beta;Beta-Staging-QA-Public-IP-Frontend;4.180.112.137;Public;betaGwPublicFrontendIpIPv4;Listener-FE-443-beta-wild-bizay.gr-BE-80-vmss;forward;https;443;wild--beta-bizay-gr;;lab-bizay-kv-02;wild--beta-bizay-gr;;Multiple/Wildcard;Multi site;Y;bizay.gr;beta.bizay.gr;;;;;BACKEND.360imprimir-beta.PT;STORE-BETA-VMSS;80;10.7.10.14;http;;;;;;;;;;
FRONTEND_VIP_4.180.112.137;beta;Beta-Staging-QA-Public-IP-Frontend;4.180.112.137;Public;betaGwPublicFrontendIpIPv4;Listener-FE-443-beta-wild-bizay.hr-BE-80-vmss;forward;https;443;wild--beta-bizay-hr;;lab-bizay-kv-02;wild--beta-bizay-hr;;Multiple/Wildcard;Multi site;Y;bizay.hr;beta.bizay.hr;;;;;BACKEND.360imprimir-beta.PT;STORE-BETA-VMSS;80;10.7.10.14;http;;;;;;;;;;
FRONTEND_VIP_4.180.112.137;beta;Beta-Staging-QA-Public-IP-Frontend;4.180.112.137;Public;betaGwPublicFrontendIpIPv4;Listener-FE-443-beta-wild-bizay.hu-BE-80-vmss;forward;https;443;wild--beta-bizay-hu;;lab-bizay-kv-02;wild--beta-bizay-hu;;Multiple/Wildcard;Multi site;Y;bizay.hu;beta.bizay.hu;;;;;BACKEND.360imprimir-beta.PT;STORE-BETA-VMSS;80;10.7.10.14;http;;;;;;;;;;
FRONTEND_VIP_4.180.112.137;beta;Beta-Staging-QA-Public-IP-Frontend;4.180.112.137;Public;betaGwPublicFrontendIpIPv4;Listener-FE-443-beta-wild-bizay.ie-BE-80-vmss;forward;https;443;wild--beta-bizay-ie;;lab-bizay-kv-02;wild--beta-bizay-ie;;Multiple/Wildcard;Multi site;Y;bizay.ie;beta.bizay.ie;;;;;BACKEND.360imprimir-beta.PT;STORE-BETA-VMSS;80;10.7.10.14;http;;;;;;;;;;
FRONTEND_VIP_4.180.112.137;beta;Beta-Staging-QA-Public-IP-Frontend;4.180.112.137;Public;betaGwPublicFrontendIpIPv4;Listener-FE-443-beta-wild-bizay.it-BE-80-vmss;forward;https;443;wild--beta-bizay-it;;lab-bizay-kv-02;wild--beta-bizay-it;;Multiple/Wildcard;Multi site;Y;bizay.it;beta.bizay.it;;;;;BACKEND.360imprimir-beta.PT;STORE-BETA-VMSS;80;10.7.10.14;http;;;;;;;;;;
FRONTEND_VIP_4.180.112.137;beta;Beta-Staging-QA-Public-IP-Frontend;4.180.112.137;Public;betaGwPublicFrontendIpIPv4;Listener-FE-443-beta-wild-bizay.li-BE-80-vmss;forward;https;443;wild--beta-bizay-li;;lab-bizay-kv-02;wild--beta-bizay-li;;Multiple/Wildcard;Multi site;Y;bizay.li;beta.bizay.li;;;;;BACKEND.360imprimir-beta.PT;STORE-BETA-VMSS;80;10.7.10.14;http;;;;;;;;;;
FRONTEND_VIP_4.180.112.137;beta;Beta-Staging-QA-Public-IP-Frontend;4.180.112.137;Public;betaGwPublicFrontendIpIPv4;Listener-FE-443-beta-wild-bizay.lt-BE-80-vmss;forward;https;443;wild--beta-bizay-lt;;lab-bizay-kv-02;wild--beta-bizay-lt;;Multiple/Wildcard;Multi site;Y;bizay.lt;beta.bizay.lt;;;;;BACKEND.360imprimir-beta.PT;STORE-BETA-VMSS;80;10.7.10.14;http;;;;;;;;;;
FRONTEND_VIP_4.180.112.137;beta;Beta-Staging-QA-Public-IP-Frontend;4.180.112.137;Public;betaGwPublicFrontendIpIPv4;Listener-FE-443-beta-wild-bizay.lu-BE-80-vmss;forward;https;443;wild--beta-bizay-lu;;lab-bizay-kv-02;wild--beta-bizay-lu;;Multiple/Wildcard;Multi site;Y;bizay.lu;beta.bizay.lu;;;;;BACKEND.360imprimir-beta.PT;STORE-BETA-VMSS;80;10.7.10.14;http;;;;;;;;;;
FRONTEND_VIP_4.180.112.137;beta;Beta-Staging-QA-Public-IP-Frontend;4.180.112.137;Public;betaGwPublicFrontendIpIPv4;Listener-FE-443-beta-wild-bizay.lv-BE-80-vmss;forward;https;443;wild--beta-bizay-lv;;lab-bizay-kv-02;wild--beta-bizay-lv;;Multiple/Wildcard;Multi site;Y;bizay.lv;beta.bizay.lv;;;;;BACKEND.360imprimir-beta.PT;STORE-BETA-VMSS;80;10.7.10.14;http;;;;;;;;;;
FRONTEND_VIP_4.180.112.137;beta;Beta-Staging-QA-Public-IP-Frontend;4.180.112.137;Public;betaGwPublicFrontendIpIPv4;Listener-FE-443-beta-wild-bizay.nl-BE-80-vmss;forward;https;443;wild--beta-bizay-nl;;lab-bizay-kv-02;wild--beta-bizay-nl;;Multiple/Wildcard;Multi site;Y;bizay.nl;beta.bizay.nl;;;;;BACKEND.360imprimir-beta.PT;STORE-BETA-VMSS;80;10.7.10.14;http;;;;;;;;;;
FRONTEND_VIP_4.180.112.137;beta;Beta-Staging-QA-Public-IP-Frontend;4.180.112.137;Public;betaGwPublicFrontendIpIPv4;Listener-FE-443-beta-wild-bizay.no-BE-80-vmss;forward;https;443;wild--beta-bizay-no;;lab-bizay-kv-02;wild--beta-bizay-no;;Multiple/Wildcard;Multi site;Y;bizay.no;beta.bizay.no;;;;;BACKEND.360imprimir-beta.PT;STORE-BETA-VMSS;80;10.7.10.14;http;;;;;;;;;;
FRONTEND_VIP_4.180.112.137;beta;Beta-Staging-QA-Public-IP-Frontend;4.180.112.137;Public;betaGwPublicFrontendIpIPv4;Listener-FE-443-beta-wild-bizay.nz-BE-80-vmss;forward;https;443;wild--beta-bizay-nz;;lab-bizay-kv-02;wild--beta-bizay-nz;;Multiple/Wildcard;Multi site;Y;bizay.nz;beta.bizay.nz;;;;;BACKEND.360imprimir-beta.PT;STORE-BETA-VMSS;80;10.7.10.14;http;;;;;;;;;;
FRONTEND_VIP_4.180.112.137;beta;Beta-Staging-QA-Public-IP-Frontend;4.180.112.137;Public;betaGwPublicFrontendIpIPv4;Listener-FE-443-beta-wild-bizay.pl-BE-80-vmss;forward;https;443;wild--beta-bizay-pl;;lab-bizay-kv-02;wild--beta-bizay-pl;;Multiple/Wildcard;Multi site;Y;bizay.pl;beta.bizay.pl;;;;;BACKEND.360imprimir-beta.PT;STORE-BETA-VMSS;80;10.7.10.14;http;;;;;;;;;;
FRONTEND_VIP_4.180.112.137;beta;Beta-Staging-QA-Public-IP-Frontend;4.180.112.137;Public;betaGwPublicFrontendIpIPv4;Listener-FE-443-beta-wild-bizay.pt-BE-80-vmss;forward;https;443;wild--beta-bizay-pt;;lab-bizay-kv-02;wild--beta-bizay-pt;;Multiple/Wildcard;Multi site;Y;bizay.pt;beta.bizay.pt;;;;;BACKEND.360imprimir-beta.PT;STORE-BETA-VMSS;80;10.7.10.14;http;;;;;;;;;;
FRONTEND_VIP_4.180.112.137;beta;Beta-Staging-QA-Public-IP-Frontend;4.180.112.137;Public;betaGwPublicFrontendIpIPv4;Listener-FE-443-beta-wild-bizay.qa-BE-80-vmss;forward;https;443;wild--beta-bizay-qa;;lab-bizay-kv-02;wild--beta-bizay-qa;;Multiple/Wildcard;Multi site;Y;bizay.qa;beta.bizay.qa;;;;;BACKEND.360imprimir-beta.PT;STORE-BETA-VMSS;80;10.7.10.14;http;;;;;;;;;;
FRONTEND_VIP_4.180.112.137;beta;Beta-Staging-QA-Public-IP-Frontend;4.180.112.137;Public;betaGwPublicFrontendIpIPv4;Listener-FE-443-beta-wild-bizay.ro-BE-80-vmss;forward;https;443;wild--beta-bizay-ro;;lab-bizay-kv-02;wild--beta-bizay-ro;;Multiple/Wildcard;Multi site;Y;bizay.ro;beta.bizay.ro;;;;;BACKEND.360imprimir-beta.PT;STORE-BETA-VMSS;80;10.7.10.14;http;;;;;;;;;;
FRONTEND_VIP_4.180.112.137;beta;Beta-Staging-QA-Public-IP-Frontend;4.180.112.137;Public;betaGwPublicFrontendIpIPv4;Listener-FE-443-beta-wild-bizay.ru-BE-80-vmss;forward;https;443;wild--beta-bizay-ru;;lab-bizay-kv-02;wild--beta-bizay-ru;;Multiple/Wildcard;Multi site;Y;bizay.ru;beta.bizay.ru;;;;;BACKEND.360imprimir-beta.PT;STORE-BETA-VMSS;80;10.7.10.14;http;;;;;;;;;;
FRONTEND_VIP_4.180.112.137;beta;Beta-Staging-QA-Public-IP-Frontend;4.180.112.137;Public;betaGwPublicFrontendIpIPv4;Listener-FE-443-beta-wild-bizay.se-BE-80-vmss;forward;https;443;wild--beta-bizay-se;;lab-bizay-kv-02;wild--beta-bizay-se;;Multiple/Wildcard;Multi site;Y;bizay.se;beta.bizay.se;;;;;BACKEND.360imprimir-beta.PT;STORE-BETA-VMSS;80;10.7.10.14;http;;;;;;;;;;
FRONTEND_VIP_4.180.112.137;beta;Beta-Staging-QA-Public-IP-Frontend;4.180.112.137;Public;betaGwPublicFrontendIpIPv4;Listener-FE-443-beta-wild-bizay.si-BE-80-vmss;forward;https;443;wild--beta-bizay-si;;lab-bizay-kv-02;wild--beta-bizay-si;;Multiple/Wildcard;Multi site;Y;bizay.si;beta.bizay.si;;;;;BACKEND.360imprimir-beta.PT;STORE-BETA-VMSS;80;10.7.10.14;http;;;;;;;;;;
FRONTEND_VIP_4.180.112.137;beta;Beta-Staging-QA-Public-IP-Frontend;4.180.112.137;Public;betaGwPublicFrontendIpIPv4;Listener-FE-443-beta-wild-bizay.sk-BE-80-vmss;forward;https;443;wild--beta-bizay-sk;;lab-bizay-kv-02;wild--beta-bizay-sk;;Multiple/Wildcard;Multi site;Y;bizay.sk;beta.bizay.sk;;;;;BACKEND.360imprimir-beta.PT;STORE-BETA-VMSS;80;10.7.10.14;http;;;;;;;;;;
FRONTEND_VIP_4.180.112.137;beta;Beta-Staging-QA-Public-IP-Frontend;4.180.112.137;Public;betaGwPublicFrontendIpIPv4;Listener-FE-443-beta-wild-imprimir360.com.mx-BE-80-vmss;forward;https;443;wild--beta-imprimir360-com-mx;;lab-bizay-kv-02;wild--beta-imprimir360-com-mx;;Multiple/Wildcard;Multi site;Y;imprimir360.com.mx;beta.imprimir360.com.mx;;;;;BACKEND.360imprimir-beta.MX;STORE-BETA-VMSS;80;10.7.10.14;http;;;;;;;;;;
FRONTEND_VIP_4.180.112.137;beta;Beta-Staging-QA-Public-IP-Frontend;4.180.112.137;Public;betaGwPublicFrontendIpIPv4;Listener-FE-443-beta-wild-imprimir360.mx-BE-80-vmss;forward;https;443;wild--beta-imprimir360-mx;;lab-bizay-kv-02;wild--beta-imprimir360-mx;;Multiple/Wildcard;Multi site;Y;imprimir360.mx;beta.imprimir360.mx;;;;;BACKEND.360imprimir-beta.MX;STORE-BETA-VMSS;80;10.7.10.14;http;;;;;;;;;;
FRONTEND_VIP_4.180.112.137;beta;Beta-Staging-QA-Public-IP-Frontend;4.180.112.137;Public;betaGwPublicFrontendIpIPv4;Listener-FE-443-beta-wild-sa.api.bizay.com-BE-443-webapi;forward;https;443;wild--bizay-com;;lab-bizay-kv-02;wild--bizay-com;;Multiple/Wildcard;Multi site;Y;bizay.com;beta.sa.api.bizay.com;/billingservice-api;;;;bizay-beta-br-billingservice-api;bizay-beta-br-billingservice-api;443;bizay-beta-br-billingservice-api.azurewebsites.net;HTTPS;;;;;;;;;;
FRONTEND_VIP_4.180.112.137;beta;Beta-Staging-QA-Public-IP-Frontend;4.180.112.137;Public;betaGwPublicFrontendIpIPv4;Listener-FE-443-beta-wild-sa.api.bizay.com-BE-443-webapi;forward;https;443;wild--bizay-com;;lab-bizay-kv-02;wild--bizay-com;;Multiple/Wildcard;Multi site;Y;bizay.com;beta.sa.api.bizay.com;/calculator-api;;;;bizay-beta-br-calculator-api;bizay-beta-br-calculator-api;443;bizay-beta-br-calculator-api.azurewebsites.net;HTTPS;;;;;;;;;;
FRONTEND_VIP_4.180.112.137;beta;Beta-Staging-QA-Public-IP-Frontend;4.180.112.137;Public;betaGwPublicFrontendIpIPv4;Listener-FE-443-beta-wild-sa.api.bizay.com-BE-443-webapi;forward;https;443;wild--bizay-com;;lab-bizay-kv-02;wild--bizay-com;;Multiple/Wildcard;Multi site;Y;bizay.com;beta.sa.api.bizay.com;/chilieditor-api;;;;bizay-beta-br-chilieditor-api;bizay-beta-br-chilieditor-api;443;bizay-beta-br-chilieditor-api.azurewebsites.net;HTTPS;;;;;;;;;;
FRONTEND_VIP_4.180.112.137;beta;Beta-Staging-QA-Public-IP-Frontend;4.180.112.137;Public;betaGwPublicFrontendIpIPv4;Listener-FE-443-beta-wild-sa.api.bizay.com-BE-443-webapi;forward;https;443;wild--bizay-com;;lab-bizay-kv-02;wild--bizay-com;;Multiple/Wildcard;Multi site;Y;bizay.com;beta.sa.api.bizay.com;/clients-api;;;;bizay-beta-br-clients-api;bizay-beta-br-clients-api;443;bizay-beta-br-clients-api.azurewebsites.net;HTTPS;;;;;;;;;;
FRONTEND_VIP_4.180.112.137;beta;Beta-Staging-QA-Public-IP-Frontend;4.180.112.137;Public;betaGwPublicFrontendIpIPv4;Listener-FE-443-beta-wild-sa.api.bizay.com-BE-443-webapi;forward;https;443;wild--bizay-com;;lab-bizay-kv-02;wild--bizay-com;;Multiple/Wildcard;Multi site;Y;bizay.com;beta.sa.api.bizay.com;/datecalculationservice-api;;;;bizay-beta-br-datecalculationservice-api;bizay-beta-br-datecalculationservice-api;443;bizay-beta-br-datecalculationservice-api.azurewebsites.net;HTTPS;;;;;;;;;;
FRONTEND_VIP_4.180.112.137;beta;Beta-Staging-QA-Public-IP-Frontend;4.180.112.137;Public;betaGwPublicFrontendIpIPv4;Listener-FE-443-beta-wild-sa.api.bizay.com-BE-443-webapi;forward;https;443;wild--bizay-com;;lab-bizay-kv-02;wild--bizay-com;;Multiple/Wildcard;Multi site;Y;bizay.com;beta.sa.api.bizay.com;/delivery-api;;;;bizay-beta-br-delivery-api;bizay-beta-br-delivery-api;443;bizay-beta-br-delivery-api.azurewebsites.net;HTTPS;;;;;;;;;;
FRONTEND_VIP_4.180.112.137;beta;Beta-Staging-QA-Public-IP-Frontend;4.180.112.137;Public;betaGwPublicFrontendIpIPv4;Listener-FE-443-beta-wild-sa.api.bizay.com-BE-443-webapi;forward;https;443;wild--bizay-com;;lab-bizay-kv-02;wild--bizay-com;;Multiple/Wildcard;Multi site;Y;bizay.com;beta.sa.api.bizay.com;/discounts-api;;;;bizay-beta-br-discounts-api;bizay-beta-br-discounts-api;443;bizay-beta-br-discounts-api.azurewebsites.net;HTTPS;;;;;;;;;;
FRONTEND_VIP_4.180.112.137;beta;Beta-Staging-QA-Public-IP-Frontend;4.180.112.137;Public;betaGwPublicFrontendIpIPv4;Listener-FE-443-beta-wild-sa.api.bizay.com-BE-443-webapi;forward;https;443;wild--bizay-com;;lab-bizay-kv-02;wild--bizay-com;;Multiple/Wildcard;Multi site;Y;bizay.com;beta.sa.api.bizay.com;/filerevision-api;;;;bizay-beta-br-filerevision-api;bizay-beta-br-filerevision-api;443;bizay-beta-br-filerevision-api.azurewebsites.net;HTTPS;;;;;;;;;;
FRONTEND_VIP_4.180.112.137;beta;Beta-Staging-QA-Public-IP-Frontend;4.180.112.137;Public;betaGwPublicFrontendIpIPv4;Listener-FE-443-beta-wild-sa.api.bizay.com-BE-443-webapi;forward;https;443;wild--bizay-com;;lab-bizay-kv-02;wild--bizay-com;;Multiple/Wildcard;Multi site;Y;bizay.com;beta.sa.api.bizay.com;/logistic-api;;;;bizay-beta-br-logistic-api;bizay-beta-br-logistic-api;443;bizay-beta-br-logistic-api.azurewebsites.net;HTTPS;;;;;;;;;;
FRONTEND_VIP_4.180.112.137;beta;Beta-Staging-QA-Public-IP-Frontend;4.180.112.137;Public;betaGwPublicFrontendIpIPv4;Listener-FE-443-beta-wild-sa.api.bizay.com-BE-443-webapi;forward;https;443;wild--bizay-com;;lab-bizay-kv-02;wild--bizay-com;;Multiple/Wildcard;Multi site;Y;bizay.com;beta.sa.api.bizay.com;/paymentsystem-api;;;;bizay-beta-br-paymentsystem-api;bizay-beta-br-paymentsystem-api;443;bizay-beta-br-paymentsystem-api.azurewebsites.net;HTTPS;;;;;;;;;;
FRONTEND_VIP_4.180.112.137;beta;Beta-Staging-QA-Public-IP-Frontend;4.180.112.137;Public;betaGwPublicFrontendIpIPv4;Listener-FE-443-beta-wild-sa.api.bizay.com-BE-443-webapi;forward;https;443;wild--bizay-com;;lab-bizay-kv-02;wild--bizay-com;;Multiple/Wildcard;Multi site;Y;bizay.com;beta.sa.api.bizay.com;/postproduction-api;;;;bizay-beta-br-postproduction-api;bizay-beta-br-postproduction-api;443;bizay-beta-br-postproduction-api.azurewebsites.net;HTTPS;;;;;;;;;;
FRONTEND_VIP_4.180.112.137;beta;Beta-Staging-QA-Public-IP-Frontend;4.180.112.137;Public;betaGwPublicFrontendIpIPv4;Listener-FE-443-beta-wild-sa.api.bizay.com-BE-443-webapi;forward;https;443;wild--bizay-com;;lab-bizay-kv-02;wild--bizay-com;;Multiple/Wildcard;Multi site;Y;bizay.com;beta.sa.api.bizay.com;/pricing-api;;;;bizay-beta-br-pricing-api;bizay-beta-br-pricing-api;443;bizay-beta-br-pricing-api.azurewebsites.net;HTTPS;;;;;;;;;;
FRONTEND_VIP_4.180.112.137;beta;Beta-Staging-QA-Public-IP-Frontend;4.180.112.137;Public;betaGwPublicFrontendIpIPv4;Listener-FE-443-beta-wild-sa.api.bizay.com-BE-443-webapi;forward;https;443;wild--bizay-com;;lab-bizay-kv-02;wild--bizay-com;;Multiple/Wildcard;Multi site;Y;bizay.com;beta.sa.api.bizay.com;/productimages-api;;;;bizay-beta-br-productimages-api;bizay-beta-br-productimages-api;443;bizay-beta-br-productimages-api.azurewebsites.net;HTTPS;;;;;;;;;;
FRONTEND_VIP_4.180.112.137;beta;Beta-Staging-QA-Public-IP-Frontend;4.180.112.137;Public;betaGwPublicFrontendIpIPv4;Listener-FE-443-beta-wild-sa.api.bizay.com-BE-443-webapi;forward;https;443;wild--bizay-com;;lab-bizay-kv-02;wild--bizay-com;;Multiple/Wildcard;Multi site;Y;bizay.com;beta.sa.api.bizay.com;/productionservice-api;;;;bizay-beta-br-productionservice-api;bizay-beta-br-productionservice-api;443;bizay-beta-br-productionservice-api.azurewebsites.net;HTTPS;;;;;;;;;;
FRONTEND_VIP_4.180.112.137;beta;Beta-Staging-QA-Public-IP-Frontend;4.180.112.137;Public;betaGwPublicFrontendIpIPv4;Listener-FE-443-beta-wild-sa.api.bizay.com-BE-443-webapi;forward;https;443;wild--bizay-com;;lab-bizay-kv-02;wild--bizay-com;;Multiple/Wildcard;Multi site;Y;bizay.com;beta.sa.api.bizay.com;/publicorderservice-api;;;;bizay-beta-br-publicorderservice-api;bizay-beta-br-publicorderservice-api;443;bizay-beta-br-publicorderservice-api.azurewebsites.net;HTTPS;;;;;;;;;;
FRONTEND_VIP_4.180.112.137;beta;Beta-Staging-QA-Public-IP-Frontend;4.180.112.137;Public;betaGwPublicFrontendIpIPv4;Listener-FE-443-beta-wild-sa.api.bizay.com-BE-443-webapi;forward;https;443;wild--bizay-com;;lab-bizay-kv-02;wild--bizay-com;;Multiple/Wildcard;Multi site;Y;bizay.com;beta.sa.api.bizay.com;/publicproduction-api;;;;bizay-beta-br-publicproduction-api;bizay-beta-br-publicproduction-api;443;bizay-beta-br-publicproduction-api.azurewebsites.net;HTTPS;;;;;;;;;;
FRONTEND_VIP_4.180.112.137;beta;Beta-Staging-QA-Public-IP-Frontend;4.180.112.137;Public;betaGwPublicFrontendIpIPv4;Listener-FE-443-beta-wild-sa.api.bizay.com-BE-443-webapi;forward;https;443;wild--bizay-com;;lab-bizay-kv-02;wild--bizay-com;;Multiple/Wildcard;Multi site;Y;bizay.com;beta.sa.api.bizay.com;/resources-api;;;;bizay-beta-br-resources-api;bizay-beta-br-resources-api;443;bizay-beta-br-resources-api.azurewebsites.net;HTTPS;;;;;;;;;;
FRONTEND_VIP_4.180.112.137;beta;Beta-Staging-QA-Public-IP-Frontend;4.180.112.137;Public;betaGwPublicFrontendIpIPv4;Listener-FE-443-beta-wild-sa.api.bizay.com-BE-443-webapi;forward;https;443;wild--bizay-com;;lab-bizay-kv-02;wild--bizay-com;;Multiple/Wildcard;Multi site;Y;bizay.com;beta.sa.api.bizay.com;/store-aggregator-api;;;;bizay-beta-br-store-aggregator-api;bizay-beta-br-store-aggregator-api;443;bizay-beta-br-store-aggregator-api.azurewebsites.net;HTTPS;;;;;;;;;;
FRONTEND_VIP_4.180.112.137;beta;Beta-Staging-QA-Public-IP-Frontend;4.180.112.137;Public;betaGwPublicFrontendIpIPv4;Listener-FE-443-beta-wild-eu.api.bizay.com-BE-443-webapi;forward;https;443;wild--bizay-com;;lab-bizay-kv-02;wild--bizay-com;;Multiple/Wildcard;Multi site;Y;bizay.com;beta.eu.api.bizay.com;/editor-backend;;;;bizay-beta-eu-editor-backend;bizay-beta-eu-editor-backend;443;bizay-beta-eu-editor-backend.azurewebsites.net;HTTPS;;;;;;;;;;
FRONTEND_VIP_4.180.112.137;beta;Beta-Staging-QA-Public-IP-Frontend;4.180.112.137;Public;betaGwPublicFrontendIpIPv4;Listener-FE-443-beta-wild-eu.api.bizay.com-BE-443-webapi;forward;https;443;wild--bizay-com;;lab-bizay-kv-02;wild--bizay-com;;Multiple/Wildcard;Multi site;Y;bizay.com;beta.eu.api.bizay.com;/editor-frontend;;;;bizay-beta-eu-editor-frontend;bizay-beta-eu-editor-frontend;443;bizay-beta-eu-editor-frontend.azurewebsites.net;HTTPS;;;;;;;;;;
FRONTEND_VIP_4.180.112.137;beta;Beta-Staging-QA-Public-IP-Frontend;4.180.112.137;Public;betaGwPublicFrontendIpIPv4;Listener-FE-443-beta-wild-na.api.bizay.com-BE-443-webapi;forward;https;443;wild--bizay-com;;lab-bizay-kv-02;wild--bizay-com;;Multiple/Wildcard;Multi site;Y;bizay.com;beta.na.api.bizay.com;/billingservice-api;;;;bizay-beta-mx-billingservice-api;bizay-beta-mx-billingservice-api;443;bizay-beta-mx-billingservice-api.azurewebsites.net;HTTPS;;;;;;;;;;
FRONTEND_VIP_4.180.112.137;beta;Beta-Staging-QA-Public-IP-Frontend;4.180.112.137;Public;betaGwPublicFrontendIpIPv4;Listener-FE-443-beta-wild-na.api.bizay.com-BE-443-webapi;forward;https;443;wild--bizay-com;;lab-bizay-kv-02;wild--bizay-com;;Multiple/Wildcard;Multi site;Y;bizay.com;beta.na.api.bizay.com;/calculator-api;;;;bizay-beta-mx-calculator-api;bizay-beta-mx-calculator-api;443;bizay-beta-mx-calculator-api.azurewebsites.net;HTTPS;;;;;;;;;;
FRONTEND_VIP_4.180.112.137;beta;Beta-Staging-QA-Public-IP-Frontend;4.180.112.137;Public;betaGwPublicFrontendIpIPv4;Listener-FE-443-beta-wild-na.api.bizay.com-BE-443-webapi;forward;https;443;wild--bizay-com;;lab-bizay-kv-02;wild--bizay-com;;Multiple/Wildcard;Multi site;Y;bizay.com;beta.na.api.bizay.com;/chilieditor-api;;;;bizay-beta-mx-chilieditor-api;bizay-beta-mx-chilieditor-api;443;bizay-beta-mx-chilieditor-api.azurewebsites.net;HTTPS;;;;;;;;;;
FRONTEND_VIP_4.180.112.137;beta;Beta-Staging-QA-Public-IP-Frontend;4.180.112.137;Public;betaGwPublicFrontendIpIPv4;Listener-FE-443-beta-wild-na.api.bizay.com-BE-443-webapi;forward;https;443;wild--bizay-com;;lab-bizay-kv-02;wild--bizay-com;;Multiple/Wildcard;Multi site;Y;bizay.com;beta.na.api.bizay.com;/clients-api;;;;bizay-beta-mx-clients-api;bizay-beta-mx-clients-api;443;bizay-beta-mx-clients-api.azurewebsites.net;HTTPS;;;;;;;;;;
FRONTEND_VIP_4.180.112.137;beta;Beta-Staging-QA-Public-IP-Frontend;4.180.112.137;Public;betaGwPublicFrontendIpIPv4;Listener-FE-443-beta-wild-na.api.bizay.com-BE-443-webapi;forward;https;443;wild--bizay-com;;lab-bizay-kv-02;wild--bizay-com;;Multiple/Wildcard;Multi site;Y;bizay.com;beta.na.api.bizay.com;/datecalculationservice-api;;;;bizay-beta-mx-datecalculationservice-api;bizay-beta-mx-datecalculationservice-api;443;bizay-beta-mx-datecalculationservice-api.azurewebsites.net;HTTPS;;;;;;;;;;
FRONTEND_VIP_4.180.112.137;beta;Beta-Staging-QA-Public-IP-Frontend;4.180.112.137;Public;betaGwPublicFrontendIpIPv4;Listener-FE-443-beta-wild-na.api.bizay.com-BE-443-webapi;forward;https;443;wild--bizay-com;;lab-bizay-kv-02;wild--bizay-com;;Multiple/Wildcard;Multi site;Y;bizay.com;beta.na.api.bizay.com;/delivery-api;;;;bizay-beta-mx-delivery-api;bizay-beta-mx-delivery-api;443;bizay-beta-mx-delivery-api.azurewebsites.net;HTTPS;;;;;;;;;;
FRONTEND_VIP_4.180.112.137;beta;Beta-Staging-QA-Public-IP-Frontend;4.180.112.137;Public;betaGwPublicFrontendIpIPv4;Listener-FE-443-beta-wild-na.api.bizay.com-BE-443-webapi;forward;https;443;wild--bizay-com;;lab-bizay-kv-02;wild--bizay-com;;Multiple/Wildcard;Multi site;Y;bizay.com;beta.na.api.bizay.com;/discounts-api;;;;bizay-beta-mx-discounts-api;bizay-beta-mx-discounts-api;443;bizay-beta-mx-discounts-api.azurewebsites.net;HTTPS;;;;;;;;;;
FRONTEND_VIP_4.180.112.137;beta;Beta-Staging-QA-Public-IP-Frontend;4.180.112.137;Public;betaGwPublicFrontendIpIPv4;Listener-FE-443-beta-wild-na.api.bizay.com-BE-443-webapi;forward;https;443;wild--bizay-com;;lab-bizay-kv-02;wild--bizay-com;;Multiple/Wildcard;Multi site;Y;bizay.com;beta.na.api.bizay.com;/filerevision-api;;;;bizay-beta-mx-filerevision-api;bizay-beta-mx-filerevision-api;443;bizay-beta-mx-filerevision-api.azurewebsites.net;HTTPS;;;;;;;;;;
FRONTEND_VIP_4.180.112.137;beta;Beta-Staging-QA-Public-IP-Frontend;4.180.112.137;Public;betaGwPublicFrontendIpIPv4;Listener-FE-443-beta-wild-na.api.bizay.com-BE-443-webapi;forward;https;443;wild--bizay-com;;lab-bizay-kv-02;wild--bizay-com;;Multiple/Wildcard;Multi site;Y;bizay.com;beta.na.api.bizay.com;/logistic-api;;;;bizay-beta-mx-logistic-api;bizay-beta-mx-logistic-api;443;bizay-beta-mx-logistic-api.azurewebsites.net;HTTPS;;;;;;;;;;
FRONTEND_VIP_4.180.112.137;beta;Beta-Staging-QA-Public-IP-Frontend;4.180.112.137;Public;betaGwPublicFrontendIpIPv4;Listener-FE-443-beta-wild-na.api.bizay.com-BE-443-webapi;forward;https;443;wild--bizay-com;;lab-bizay-kv-02;wild--bizay-com;;Multiple/Wildcard;Multi site;Y;bizay.com;beta.na.api.bizay.com;/paymentsystem-api;;;;bizay-beta-mx-paymentsystem-api;bizay-beta-mx-paymentsystem-api;443;bizay-beta-mx-paymentsystem-api.azurewebsites.net;HTTPS;;;;;;;;;;
FRONTEND_VIP_4.180.112.137;beta;Beta-Staging-QA-Public-IP-Frontend;4.180.112.137;Public;betaGwPublicFrontendIpIPv4;Listener-FE-443-beta-wild-na.api.bizay.com-BE-443-webapi;forward;https;443;wild--bizay-com;;lab-bizay-kv-02;wild--bizay-com;;Multiple/Wildcard;Multi site;Y;bizay.com;beta.na.api.bizay.com;/postproduction-api;;;;bizay-beta-mx-postproduction-api;bizay-beta-mx-postproduction-api;443;bizay-beta-mx-postproduction-api.azurewebsites.net;HTTPS;;;;;;;;;;
FRONTEND_VIP_4.180.112.137;beta;Beta-Staging-QA-Public-IP-Frontend;4.180.112.137;Public;betaGwPublicFrontendIpIPv4;Listener-FE-443-beta-wild-na.api.bizay.com-BE-443-webapi;forward;https;443;wild--bizay-com;;lab-bizay-kv-02;wild--bizay-com;;Multiple/Wildcard;Multi site;Y;bizay.com;beta.na.api.bizay.com;/pricing-api;;;;bizay-beta-mx-pricing-api;bizay-beta-mx-pricing-api;443;bizay-beta-mx-pricing-api.azurewebsites.net;HTTPS;;;;;;;;;;
FRONTEND_VIP_4.180.112.137;beta;Beta-Staging-QA-Public-IP-Frontend;4.180.112.137;Public;betaGwPublicFrontendIpIPv4;Listener-FE-443-beta-wild-na.api.bizay.com-BE-443-webapi;forward;https;443;wild--bizay-com;;lab-bizay-kv-02;wild--bizay-com;;Multiple/Wildcard;Multi site;Y;bizay.com;beta.na.api.bizay.com;/productimages-api;;;;bizay-beta-mx-productimages-api;bizay-beta-mx-productimages-api;443;bizay-beta-mx-productimages-api.azurewebsites.net;HTTPS;;;;;;;;;;
FRONTEND_VIP_4.180.112.137;beta;Beta-Staging-QA-Public-IP-Frontend;4.180.112.137;Public;betaGwPublicFrontendIpIPv4;Listener-FE-443-beta-wild-na.api.bizay.com-BE-443-webapi;forward;https;443;wild--bizay-com;;lab-bizay-kv-02;wild--bizay-com;;Multiple/Wildcard;Multi site;Y;bizay.com;beta.na.api.bizay.com;/productionservice-api;;;;bizay-beta-mx-productionservice-api;bizay-beta-mx-productionservice-api;443;bizay-beta-mx-productionservice-api.azurewebsites.net;HTTPS;;;;;;;;;;
FRONTEND_VIP_4.180.112.137;beta;Beta-Staging-QA-Public-IP-Frontend;4.180.112.137;Public;betaGwPublicFrontendIpIPv4;Listener-FE-443-beta-wild-na.api.bizay.com-BE-443-webapi;forward;https;443;wild--bizay-com;;lab-bizay-kv-02;wild--bizay-com;;Multiple/Wildcard;Multi site;Y;bizay.com;beta.na.api.bizay.com;/publicorderservice-api;;;;bizay-beta-mx-publicorderservice-api;bizay-beta-mx-publicorderservice-api;443;bizay-beta-mx-publicorderservice-api.azurewebsites.net;HTTPS;;;;;;;;;;
FRONTEND_VIP_4.180.112.137;beta;Beta-Staging-QA-Public-IP-Frontend;4.180.112.137;Public;betaGwPublicFrontendIpIPv4;Listener-FE-443-beta-wild-na.api.bizay.com-BE-443-webapi;forward;https;443;wild--bizay-com;;lab-bizay-kv-02;wild--bizay-com;;Multiple/Wildcard;Multi site;Y;bizay.com;beta.na.api.bizay.com;/publicproduction-api;;;;bizay-beta-mx-publicproduction-api;bizay-beta-mx-publicproduction-api;443;bizay-beta-mx-publicproduction-api.azurewebsites.net;HTTPS;;;;;;;;;;
FRONTEND_VIP_4.180.112.137;beta;Beta-Staging-QA-Public-IP-Frontend;4.180.112.137;Public;betaGwPublicFrontendIpIPv4;Listener-FE-443-beta-wild-na.api.bizay.com-BE-443-webapi;forward;https;443;wild--bizay-com;;lab-bizay-kv-02;wild--bizay-com;;Multiple/Wildcard;Multi site;Y;bizay.com;beta.na.api.bizay.com;/resources-api;;;;bizay-beta-mx-resources-api;bizay-beta-mx-resources-api;443;bizay-beta-mx-resources-api.azurewebsites.net;HTTPS;;;;;;;;;;
FRONTEND_VIP_4.180.112.137;beta;Beta-Staging-QA-Public-IP-Frontend;4.180.112.137;Public;betaGwPublicFrontendIpIPv4;Listener-FE-443-beta-wild-na.api.bizay.com-BE-443-webapi;forward;https;443;wild--bizay-com;;lab-bizay-kv-02;wild--bizay-com;;Multiple/Wildcard;Multi site;Y;bizay.com;beta.na.api.bizay.com;/store-aggregator-api;;;;bizay-beta-mx-store-aggregator-api;bizay-beta-mx-store-aggregator-api;443;bizay-beta-mx-store-aggregator-api.azurewebsites.net;HTTPS;;;;;;;;;;
FRONTEND_VIP_4.180.112.137;beta;Beta-Staging-QA-Public-IP-Frontend;4.180.112.137;Public;betaGwPublicFrontendIpIPv4;Listener-FE-443-beta-wild-eu.api.bizay.com-BE-443-webapi;forward;https;443;wild--bizay-com;;lab-bizay-kv-02;wild--bizay-com;;Multiple/Wildcard;Multi site;Y;bizay.com;beta.eu.api.bizay.com;/billingservice-api;;;;bizay-beta-pt-billingservice-api;bizay-beta-pt-billingservice-api;443;bizay-beta-pt-billingservice-api.azurewebsites.net;HTTPS;;;;;;;;;;
FRONTEND_VIP_4.180.112.137;beta;Beta-Staging-QA-Public-IP-Frontend;4.180.112.137;Public;betaGwPublicFrontendIpIPv4;Listener-FE-443-beta-wild-eu.api.bizay.com-BE-443-webapi;forward;https;443;wild--bizay-com;;lab-bizay-kv-02;wild--bizay-com;;Multiple/Wildcard;Multi site;Y;bizay.com;beta.eu.api.bizay.com;/calculator-api;;;;bizay-beta-pt-calculator-api;bizay-beta-pt-calculator-api;443;bizay-beta-pt-calculator-api.azurewebsites.net;HTTPS;;;;;;;;;;
FRONTEND_VIP_4.180.112.137;beta;Beta-Staging-QA-Public-IP-Frontend;4.180.112.137;Public;betaGwPublicFrontendIpIPv4;Listener-FE-443-beta-wild-eu.api.bizay.com-BE-443-webapi;forward;https;443;wild--bizay-com;;lab-bizay-kv-02;wild--bizay-com;;Multiple/Wildcard;Multi site;Y;bizay.com;beta.eu.api.bizay.com;/chilieditor-api;;;;bizay-beta-pt-chilieditor-api;bizay-beta-pt-chilieditor-api;443;bizay-beta-pt-chilieditor-api.azurewebsites.net;HTTPS;;;;;;;;;;
FRONTEND_VIP_4.180.112.137;beta;Beta-Staging-QA-Public-IP-Frontend;4.180.112.137;Public;betaGwPublicFrontendIpIPv4;Listener-FE-443-beta-wild-eu.api.bizay.com-BE-443-webapi;forward;https;443;wild--bizay-com;;lab-bizay-kv-02;wild--bizay-com;;Multiple/Wildcard;Multi site;Y;bizay.com;beta.eu.api.bizay.com;/clients-api;;;;bizay-beta-pt-clients-api;bizay-beta-pt-clients-api;443;bizay-beta-pt-clients-api.azurewebsites.net;HTTPS;;;;;;;;;;
FRONTEND_VIP_4.180.112.137;beta;Beta-Staging-QA-Public-IP-Frontend;4.180.112.137;Public;betaGwPublicFrontendIpIPv4;Listener-FE-443-beta-wild-eu.api.bizay.com-BE-443-webapi;forward;https;443;wild--bizay-com;;lab-bizay-kv-02;wild--bizay-com;;Multiple/Wildcard;Multi site;Y;bizay.com;beta.eu.api.bizay.com;/datecalculationservice-api;;;;bizay-beta-pt-datecalculationservice-api;bizay-beta-pt-datecalculationservice-api;443;bizay-beta-pt-datecalculationservice-api.azurewebsites.net;HTTPS;;;;;;;;;;
FRONTEND_VIP_4.180.112.137;beta;Beta-Staging-QA-Public-IP-Frontend;4.180.112.137;Public;betaGwPublicFrontendIpIPv4;Listener-FE-443-beta-wild-eu.api.bizay.com-BE-443-webapi;forward;https;443;wild--bizay-com;;lab-bizay-kv-02;wild--bizay-com;;Multiple/Wildcard;Multi site;Y;bizay.com;beta.eu.api.bizay.com;/delivery-api;;;;bizay-beta-pt-delivery-api;bizay-beta-pt-delivery-api;443;bizay-beta-pt-delivery-api.azurewebsites.net;HTTPS;;;;;;;;;;
FRONTEND_VIP_4.180.112.137;beta;Beta-Staging-QA-Public-IP-Frontend;4.180.112.137;Public;betaGwPublicFrontendIpIPv4;Listener-FE-443-beta-wild-eu.api.bizay.com-BE-443-webapi;forward;https;443;wild--bizay-com;;lab-bizay-kv-02;wild--bizay-com;;Multiple/Wildcard;Multi site;Y;bizay.com;beta.eu.api.bizay.com;/discounts-api;;;;bizay-beta-pt-discounts-api;bizay-beta-pt-discounts-api;443;bizay-beta-pt-discounts-api.azurewebsites.net;HTTPS;;;;;;;;;;
FRONTEND_VIP_4.180.112.137;beta;Beta-Staging-QA-Public-IP-Frontend;4.180.112.137;Public;betaGwPublicFrontendIpIPv4;Listener-FE-443-beta-wild-eu.api.bizay.com-BE-443-webapi;forward;https;443;wild--bizay-com;;lab-bizay-kv-02;wild--bizay-com;;Multiple/Wildcard;Multi site;Y;bizay.com;beta.eu.api.bizay.com;/filerevision-api;;;;bizay-beta-pt-filerevision-api;bizay-beta-pt-filerevision-api;443;bizay-beta-pt-filerevision-api.azurewebsites.net;HTTPS;;;;;;;;;;
FRONTEND_VIP_4.180.112.137;beta;Beta-Staging-QA-Public-IP-Frontend;4.180.112.137;Public;betaGwPublicFrontendIpIPv4;Listener-FE-443-beta-wild-eu.api.bizay.com-BE-443-webapi;forward;https;443;wild--bizay-com;;lab-bizay-kv-02;wild--bizay-com;;Multiple/Wildcard;Multi site;Y;bizay.com;beta.eu.api.bizay.com;/logistic-api;;;;bizay-beta-pt-logistic-api;bizay-beta-pt-logistic-api;443;bizay-beta-pt-logistic-api.azurewebsites.net;HTTPS;;;;;;;;;;
FRONTEND_VIP_4.180.112.137;beta;Beta-Staging-QA-Public-IP-Frontend;4.180.112.137;Public;betaGwPublicFrontendIpIPv4;Listener-FE-443-beta-wild-eu.api.bizay.com-BE-443-webapi;forward;https;443;wild--bizay-com;;lab-bizay-kv-02;wild--bizay-com;;Multiple/Wildcard;Multi site;Y;bizay.com;beta.eu.api.bizay.com;/paymentsystem-api;;;;bizay-beta-pt-paymentsystem-api;bizay-beta-pt-paymentsystem-api;443;bizay-beta-pt-paymentsystem-api.azurewebsites.net;HTTPS;;;;;;;;;;
FRONTEND_VIP_4.180.112.137;beta;Beta-Staging-QA-Public-IP-Frontend;4.180.112.137;Public;betaGwPublicFrontendIpIPv4;Listener-FE-443-beta-wild-eu.api.bizay.com-BE-443-webapi;forward;https;443;wild--bizay-com;;lab-bizay-kv-02;wild--bizay-com;;Multiple/Wildcard;Multi site;Y;bizay.com;beta.eu.api.bizay.com;/postproduction-api;;;;bizay-beta-pt-postproduction-api;bizay-beta-pt-postproduction-api;443;bizay-beta-pt-postproduction-api.azurewebsites.net;HTTPS;;;;;;;;;;
FRONTEND_VIP_4.180.112.137;beta;Beta-Staging-QA-Public-IP-Frontend;4.180.112.137;Public;betaGwPublicFrontendIpIPv4;Listener-FE-443-beta-wild-eu.api.bizay.com-BE-443-webapi;forward;https;443;wild--bizay-com;;lab-bizay-kv-02;wild--bizay-com;;Multiple/Wildcard;Multi site;Y;bizay.com;beta.eu.api.bizay.com;/pricing-api;;;;bizay-beta-pt-pricing-api;bizay-beta-pt-pricing-api;443;bizay-beta-pt-pricing-api.azurewebsites.net;HTTPS;;;;;;;;;;
FRONTEND_VIP_4.180.112.137;beta;Beta-Staging-QA-Public-IP-Frontend;4.180.112.137;Public;betaGwPublicFrontendIpIPv4;Listener-FE-443-beta-wild-eu.api.bizay.com-BE-443-webapi;forward;https;443;wild--bizay-com;;lab-bizay-kv-02;wild--bizay-com;;Multiple/Wildcard;Multi site;Y;bizay.com;beta.eu.api.bizay.com;/productimages-api;;;;bizay-beta-pt-productimages-api;bizay-beta-pt-productimages-api;443;bizay-beta-pt-productimages-api.azurewebsites.net;HTTPS;;;;;;;;;;
FRONTEND_VIP_4.180.112.137;beta;Beta-Staging-QA-Public-IP-Frontend;4.180.112.137;Public;betaGwPublicFrontendIpIPv4;Listener-FE-443-beta-wild-eu.api.bizay.com-BE-443-webapi;forward;https;443;wild--bizay-com;;lab-bizay-kv-02;wild--bizay-com;;Multiple/Wildcard;Multi site;Y;bizay.com;beta.eu.api.bizay.com;/productionservice-api;;;;bizay-beta-pt-productionservice-api;bizay-beta-pt-productionservice-api;443;bizay-beta-pt-productionservice-api.azurewebsites.net;HTTPS;;;;;;;;;;
FRONTEND_VIP_4.180.112.137;beta;Beta-Staging-QA-Public-IP-Frontend;4.180.112.137;Public;betaGwPublicFrontendIpIPv4;Listener-FE-443-beta-wild-eu.api.bizay.com-BE-443-webapi;forward;https;443;wild--bizay-com;;lab-bizay-kv-02;wild--bizay-com;;Multiple/Wildcard;Multi site;Y;bizay.com;beta.eu.api.bizay.com;/publicorderservice-api;;;;bizay-beta-pt-publicorderservice-api;bizay-beta-pt-publicorderservice-api;443;bizay-beta-pt-publicorderservice-api.azurewebsites.net;HTTPS;;;;;;;;;;
FRONTEND_VIP_4.180.112.137;beta;Beta-Staging-QA-Public-IP-Frontend;4.180.112.137;Public;betaGwPublicFrontendIpIPv4;Listener-FE-443-beta-wild-eu.api.bizay.com-BE-443-webapi;forward;https;443;wild--bizay-com;;lab-bizay-kv-02;wild--bizay-com;;Multiple/Wildcard;Multi site;Y;bizay.com;beta.eu.api.bizay.com;/publicproduction-api;;;;bizay-beta-pt-publicproduction-api;bizay-beta-pt-publicproduction-api;443;bizay-beta-pt-publicproduction-api.azurewebsites.net;HTTPS;;;;;;;;;;
FRONTEND_VIP_4.180.112.137;beta;Beta-Staging-QA-Public-IP-Frontend;4.180.112.137;Public;betaGwPublicFrontendIpIPv4;Listener-FE-443-beta-wild-eu.api.bizay.com-BE-443-webapi;forward;https;443;wild--bizay-com;;lab-bizay-kv-02;wild--bizay-com;;Multiple/Wildcard;Multi site;Y;bizay.com;beta.eu.api.bizay.com;/resources-api;;;;bizay-beta-pt-resources-api;bizay-beta-pt-resources-api;443;bizay-beta-pt-resources-api.azurewebsites.net;HTTPS;;;;;;;;;;
FRONTEND_VIP_4.180.112.137;beta;Beta-Staging-QA-Public-IP-Frontend;4.180.112.137;Public;betaGwPublicFrontendIpIPv4;Listener-FE-443-beta-wild-eu.api.bizay.com-BE-443-webapi;forward;https;443;wild--bizay-com;;lab-bizay-kv-02;wild--bizay-com;;Multiple/Wildcard;Multi site;Y;bizay.com;beta.eu.api.bizay.com;/store-aggregator-api;;;;bizay-beta-pt-store-aggregator-api;bizay-beta-pt-store-aggregator-api;443;bizay-beta-pt-store-aggregator-api.azurewebsites.net;HTTPS;;;;;;;;;;
FRONTEND_VIP_4.180.112.137;beta;Beta-Staging-QA-Public-IP-Frontend;4.180.112.137;Public;betaGwPublicFrontendIpIPv4;Listener-FE-443-beta-wild-na.api.bizay.com-BE-443-webapi;forward;https;443;wild--bizay-com;;lab-bizay-kv-02;wild--bizay-com;;Multiple/Wildcard;Multi site;Y;bizay.com;beta.na.api.bizay.com;/editor-backend;;;;bizay-beta-us-editor-backend;bizay-beta-us-editor-backend;443;bizay-beta-us-editor-backend.azurewebsites.net;HTTPS;;;;;;;;;;
FRONTEND_VIP_4.180.112.137;beta;Beta-Staging-QA-Public-IP-Frontend;4.180.112.137;Public;betaGwPublicFrontendIpIPv4;Listener-FE-443-beta-wild-na.api.bizay.com-BE-443-webapi;forward;https;443;wild--bizay-com;;lab-bizay-kv-02;wild--bizay-com;;Multiple/Wildcard;Multi site;Y;bizay.com;beta.na.api.bizay.com;/editor-frontend;;;;bizay-beta-us-editor-frontend;bizay-beta-us-editor-frontend;443;bizay-beta-us-editor-frontend.azurewebsites.net;HTTPS;;;;;;;;;;
FRONTEND_VIP_4.180.112.137;beta;Beta-Staging-QA-Public-IP-Frontend;4.180.112.137;Public;betaGwPublicFrontendIpIPv4;Listener-FE-443-beta-wild-gl.api.bizay.com-BE-443-webapi;forward;https;443;wild--bizay-com;;lab-bizay-kv-02;wild--bizay-com;;Multiple/Wildcard;Multi site;Y;bizay.com;beta.gl.api.bizay.com;/auth-sil-api;;;;bizay-beta-auth-sil-api;bizay-beta-auth-sil-api;443;bizay-beta-auth-sil-api.azurewebsites.net;HTTPS;;;;;;;;;;
FRONTEND_VIP_4.180.112.137;beta;Beta-Staging-QA-Public-IP-Frontend;4.180.112.137;Public;betaGwPublicFrontendIpIPv4;Listener-FE-443-beta-wild-gl.api.bizay.com-BE-443-webapi;forward;https;443;wild--bizay-com;;lab-bizay-kv-02;wild--bizay-com;;Multiple/Wildcard;Multi site;Y;bizay.com;beta.gl.api.bizay.com;/backoffice-sil-api;;;;bizay-beta-backoffice-sil-api;bizay-beta-backoffice-sil-api;443;bizay-beta-backoffice-sil-api.azurewebsites.net;HTTPS;;;;;;;;;;
FRONTEND_VIP_4.180.112.137;beta;Beta-Staging-QA-Public-IP-Frontend;4.180.112.137;Public;betaGwPublicFrontendIpIPv4;Listener-FE-443-beta-wild-gl.api.bizay.com-BE-443-webapi;forward;https;443;wild--bizay-com;;lab-bizay-kv-02;wild--bizay-com;;Multiple/Wildcard;Multi site;Y;bizay.com;beta.gl.api.bizay.com;/master-aggregator-api;;;;bizay-beta-master-aggregator-api;bizay-beta-master-aggregator-api;443;bizay-beta-master-aggregator-api.azurewebsites.net;HTTPS;;;;;;;;;;
FRONTEND_VIP_4.180.112.137;beta;Beta-Staging-QA-Public-IP-Frontend;4.180.112.137;Public;betaGwPublicFrontendIpIPv4;Listener-FE-443-beta-wild-gl.api.bizay.com-BE-443-webapi;forward;https;443;wild--bizay-com;;lab-bizay-kv-02;wild--bizay-com;;Multiple/Wildcard;Multi site;Y;bizay.com;beta.gl.api.bizay.com;/productreviews-api;;;;bizay-beta-productreviews-api;bizay-beta-productreviews-api;443;bizay-beta-productreviews-api.azurewebsites.net;HTTPS;;;;;;;;;;
FRONTEND_VIP_4.180.112.137;beta;Beta-Staging-QA-Public-IP-Frontend;4.180.112.137;Public;betaGwPublicFrontendIpIPv4;Listener-FE-443-beta-wild-gl.api.bizay.com-BE-443-webapi;forward;https;443;wild--bizay-com;;lab-bizay-kv-02;wild--bizay-com;;Multiple/Wildcard;Multi site;Y;bizay.com;beta.gl.api.bizay.com;/sil-api;;;;bizay-beta-sil-api;bizay-beta-sil-api;443;bizay-beta-sil-api.azurewebsites.net;HTTPS;;;;;;;;;;
FRONTEND_VIP_4.180.112.137;beta;Beta-Staging-QA-Public-IP-Frontend;4.180.112.137;Public;betaGwPublicFrontendIpIPv4;Listener-FE-443-beta-wild-gl.api.bizay.com-BE-443-webapi;forward;https;443;wild--bizay-com;;lab-bizay-kv-02;wild--bizay-com;;Multiple/Wildcard;Multi site;Y;bizay.com;beta.gl.api.bizay.com;/adb2c-compat;;;;bizay-tests-adb2c-compat;bizay-tests-adb2c-compat;443;bizay-tests-adb2c-compat.azurewebsites.net;HTTPS;;;;;;;;;;
FRONTEND_VIP_4.180.112.137;beta;Beta-Staging-QA-Public-IP-Frontend;4.180.112.137;Public;betaGwPublicFrontendIpIPv4;Listener-FE-443-beta-wild-gl.api.bizay.com-BE-443-webapi;forward;https;443;wild--bizay-com;;lab-bizay-kv-02;wild--bizay-com;;Multiple/Wildcard;Multi site;Y;bizay.com;beta.gl.api.bizay.com;/msgraph;;;;bizay-tests-msgraph;bizay-tests-msgraph;443;bizay-tests-msgraph.azurewebsites.net;HTTPS;;;;;;;;;;
